data,qtd_avulso,qtd_ass_mensal,qtd_churn_ass_mensal,qtd_acumulada_ass_mensal,qtd_ass_tri,qtd_churn_ass_tri,qtd_acumulada_ass_tri,faturamento,custo,custo_marketing
01-01-2021,6,1,0,0,1,0,0,77.4,53.728794232350005,2.98158034321269
02-01-2021,19,1,0,1,0,0,0,575.0,267.0350405874288,25.150481238272565
03-01-2021,14,0,0,1,2,0,2,1070.3,449.70822288527825,30.196325604968205
04-01-2021,10,2,0,3,1,0,3,1958.3999999999999,1132.8447324049619,95.3781700528641
05-01-2021,7,1,0,4,1,0,4,2529.5,1572.4889779424018,80.61746893768344
06-01-2021,20,0,0,4,1,0,5,2977.1,1219.816214968124,103.07732992691352
07-01-2021,6,0,0,4,0,0,5,2796.5,1671.231163010035,109.9754762767838
08-01-2021,18,1,0,5,0,0,5,3281.2,1836.4468310115735,96.94059724700556
09-01-2021,10,2,0,7,1,0,6,4117.7,1774.6442981134362,142.84225191558056
10-01-2021,10,0,0,7,0,0,6,4117.7,1860.2004704306105,115.40719211857068
11-01-2021,20,1,0,8,1,0,7,4856.5,2770.110152474663,192.08044103666504
12-01-2021,3,0,0,8,0,0,7,4637.2,2267.160857615146,122.49252605529817
13-01-2021,7,1,0,9,0,0,7,5018.7,3420.2175442147077,196.1773938736657
14-01-2021,2,0,0,9,2,0,9,5514.0,3559.960087612517,231.03735764974184
15-01-2021,20,2,0,11,0,0,9,6406.0,4452.619457477957,242.61421780828084
16-01-2021,1,0,0,11,0,0,9,6160.9,2944.3018215068814,281.30246258495544
17-01-2021,11,0,0,11,0,0,9,6289.9,4345.799403380798,218.6039320020975
18-01-2021,5,1,0,12,1,0,10,6822.299999999999,3611.522048963683,267.9496949004269
19-01-2021,1,1,0,13,1,0,11,7380.499999999999,3721.6587406439494,209.01718602325545
20-01-2021,20,2,0,15,2,0,13,8845.2,3671.6854907847974,240.06931697194292
21-01-2021,0,2,0,17,0,0,13,9247.0,3845.1761018283237,370.3019095055588
22-01-2021,11,0,0,17,2,0,15,9948.699999999999,6044.863714610944,351.1142626273547
23-01-2021,11,2,0,19,0,0,15,10608.499999999998,5700.781921236015,560.3390674215864
24-01-2021,16,1,0,20,1,0,16,11282.8,5279.859460672052,318.32124244863803
25-01-2021,9,1,0,21,2,0,18,12082.199999999999,7058.313610524817,614.6259883510081
26-01-2021,15,0,0,21,0,0,18,12159.599999999999,5786.236072402215,447.471989125661
27-01-2021,14,1,0,22,0,0,18,12476.6,7152.704103876086,673.9559364274262
28-01-2021,14,0,0,22,1,0,19,12756.499999999998,6477.273914265405,503.2819988407403
29-01-2021,18,1,0,23,1,0,20,13417.900000000001,8682.262426436419,666.1722924811214
30-01-2021,11,2,0,25,1,0,21,14267.3,9219.65550035236,551.0855464268377
31-01-2021,19,2,0,27,2,0,23,15590.1,8468.622132530416,493.81778935387524
01-02-2021,2,1,0,28,1,0,24,15980.599999999999,8074.129957591744,773.6991234210673
02-02-2021,4,1,0,29,2,0,26,16896.1,8596.193973592633,570.7177361430381
03-02-2021,18,1,0,30,0,0,26,17406.600000000002,11170.065138748922,766.3124081828528
04-02-2021,6,2,0,32,2,0,28,18471.4,9207.140349564343,810.1471706816977
05-02-2021,20,2,0,34,2,0,30,19871.6,9194.943275165888,615.5202988168884
06-02-2021,8,2,0,36,1,0,31,20656.5,8787.409420184184,857.6785966191679
07-02-2021,6,2,0,38,2,0,33,21850.3,11799.335409778176,1025.3196332192165
08-02-2021,17,0,0,38,0,0,33,21992.199999999997,11977.823663759484,956.686289143865
09-02-2021,3,0,0,38,0,0,33,21811.6,14227.109328347211,1337.9850542114689
10-02-2021,13,0,0,38,0,0,33,21940.6,10232.472922973353,537.0032018489467
11-02-2021,17,2,0,40,2,0,35,23211.8,11937.76797384085,750.3261373963248
12-02-2021,8,1,0,41,1,0,36,23705.5,15231.298673003317,1115.7202986660295
13-02-2021,20,2,0,43,1,0,37,24800.0,16047.759663972362,984.5128357145397
14-02-2021,1,1,0,44,1,0,38,25164.699999999997,12969.46670310487,1130.8760130043563
15-02-2021,19,1,0,45,0,0,38,25726.799999999996,13834.257576687532,1327.540912242228
16-02-2021,14,2,0,47,2,0,40,26881.899999999998,13198.6302967664,939.5907720275509
17-02-2021,6,1,0,48,0,0,40,27108.6,18427.517153135326,1236.608575517203
18-02-2021,11,0,0,48,2,0,42,27732.9,12080.260707280402,1184.8022117389273
19-02-2021,7,0,0,48,2,0,44,28241.099999999995,19207.47324897804,1387.5982226127915
20-02-2021,14,0,0,48,2,0,46,28891.199999999997,17483.79672997958,1301.710977727825
21-02-2021,2,2,0,50,0,0,46,29396.2,16446.34039444291,1111.484694732014
22-02-2021,13,1,0,51,0,0,46,29867.999999999996,12239.838248253396,1168.6282218433919
23-02-2021,16,1,0,52,0,0,46,30236.6,16408.7635440936,1287.2309768190494
24-02-2021,3,0,0,52,2,0,48,30628.7,15998.118315109155,1409.5738768805293
25-02-2021,17,0,0,52,1,0,49,31089.199999999997,13939.329166777094,1262.76851168356
26-02-2021,7,1,0,53,2,0,51,31849.899999999998,19011.93406916067,1275.5572757848663
27-02-2021,3,1,0,54,2,0,53,32687.999999999996,22598.694258016352,1619.9809926480234
28-02-2021,1,1,0,55,1,0,54,33272.0,18920.343836521664,1748.686077193592
01-03-2021,5,2,0,57,0,0,54,33983.399999999994,20880.283948411554,1423.2579418591286
02-03-2021,9,2,0,59,1,0,55,34974.7,14708.0902130082,1319.2679889547367
03-03-2021,3,2,0,61,1,0,56,35836.99999999999,18825.17963872809,1826.9764574927917
04-03-2021,17,2,0,63,2,0,58,37237.2,16194.73925513021,1314.3734374029502
05-03-2021,11,0,0,63,0,0,58,37159.799999999996,21695.331206810883,1889.2590420044178
06-03-2021,1,0,0,63,2,0,60,37590.6,25619.672224969498,2312.300073433368
07-03-2021,9,2,0,65,2,0,62,38913.4,23290.966484428554,2148.6378312446764
08-03-2021,3,1,0,66,0,0,62,39165.899999999994,16568.778152993338,1155.7164633271059
09-03-2021,13,1,0,67,2,0,64,40184.59999999999,20349.475874253065,1069.63301999929
10-03-2021,15,1,0,68,1,0,65,40820.2,23071.536784435433,1617.1719979532813
11-03-2021,14,0,0,68,1,0,66,41087.19999999999,21404.883315339444,1791.3278398425457
12-03-2021,7,2,0,70,0,0,66,41656.7,27080.737535348333,1963.8279065810425
13-03-2021,13,1,0,71,1,0,67,42343.899999999994,27286.464266901792,2386.151026004012
14-03-2021,7,0,0,71,1,0,68,42546.399999999994,24827.92219411591,1684.5527088815184
15-03-2021,20,0,0,71,1,0,69,42994.0,22014.535267910658,1799.406627417249
16-03-2021,15,2,0,73,1,0,70,43869.2,20908.100734368352,1240.2892396568272
17-03-2021,12,1,0,74,0,0,70,44160.4,19066.795672605724,1667.743480220539
18-03-2021,17,2,0,76,1,0,71,45164.6,22874.483574679045,1767.8498525030586
19-03-2021,14,0,0,76,0,0,71,45125.899999999994,23643.794508279145,1423.43254887663
20-03-2021,20,0,0,76,1,0,72,45483.2,27414.856780128077,1770.877989704479
21-03-2021,12,1,0,77,0,0,72,45709.9,27309.285925797893,2387.6627597500733
22-03-2021,8,0,0,77,2,0,74,46218.09999999999,19459.31950262607,1442.5205569862871
23-03-2021,14,2,0,79,1,0,75,47235.2,24495.125844876144,1489.3421581877153
24-03-2021,12,0,0,79,1,0,76,47489.3,21585.48534768364,2123.225172732911
25-03-2021,0,0,0,79,0,0,76,47334.5,21160.5952999455,1814.6533216578086
26-03-2021,6,2,0,81,0,0,76,48071.7,31159.626225457185,3049.1794927381397
27-03-2021,8,0,0,81,1,0,77,48377.399999999994,19959.28476155072,1424.1997992496426
28-03-2021,0,0,0,81,2,0,79,48834.0,25674.71296854126,1893.6388923528675
29-03-2021,11,2,0,83,1,0,80,49915.6,22485.035919933765,2133.779560517291
30-03-2021,7,2,0,85,2,0,82,51083.6,33909.245901689865,2585.663654529532
31-03-2021,10,1,0,86,0,0,82,51452.2,29179.16796913893,2490.8489070332103
01-04-2021,18,2,0,88,0,0,82,52215.2,24510.55586136332,1534.572663096912
02-04-2021,16,1,0,89,1,0,83,52799.2,29078.00764616648,2103.3961659423408
03-04-2021,7,0,0,89,1,0,84,52963.0,32807.71362068683,1842.8910732352592
04-04-2021,2,0,0,89,2,0,86,53458.3,36749.12798686533,2215.9357344023456
05-04-2021,2,2,0,91,0,0,86,54118.1,25226.275670706204,1262.503726215971
06-04-2021,0,2,0,93,1,0,87,55032.0,36643.30658514663,1904.1053955395053
07-04-2021,4,0,0,93,0,0,87,55083.6,37472.890230946905,3704.726983066805
08-04-2021,9,2,0,95,1,0,88,56087.799999999996,37855.12366528168,2351.4726382710896
09-04-2021,6,1,0,96,1,0,89,56658.9,33464.12355120098,2783.0617543438843
10-04-2021,8,2,0,98,1,0,90,57624.399999999994,33937.67119582221,3120.738043709844
11-04-2021,6,0,0,98,1,0,91,57878.49999999999,30152.56798981896,2337.81974631272
12-04-2021,8,2,0,100,2,0,93,59123.899999999994,36994.96914606227,2133.027260077868
13-04-2021,7,0,0,100,1,0,94,59390.9,33222.56897434351,2870.6233767548774
14-04-2021,11,1,0,101,0,0,94,59772.399999999994,36056.58981060582,2884.9804343902115
15-04-2021,1,0,0,101,0,0,94,59643.399999999994,31523.76584272457,2728.776909683278
16-04-2021,0,2,0,103,2,0,96,60850.09999999999,37693.52989600141,3335.399861850558
17-04-2021,15,0,0,103,2,0,98,61603.399999999994,39878.43460628002,3938.8136584141835
18-04-2021,4,0,0,103,0,0,98,61461.49999999999,27284.65759555819,2146.7067650236118
19-04-2021,2,2,0,105,1,0,99,62375.4,40536.457254248606,2719.2688807562563
20-04-2021,11,0,0,105,1,0,100,62771.4,35283.11091468663,2908.1478900020406
21-04-2021,7,2,0,107,2,0,102,63939.399999999994,41777.989428305045,2231.8652327754594
22-04-2021,2,0,0,107,0,0,102,63874.899999999994,33814.766008708495,3208.0023172297715
23-04-2021,0,1,0,108,1,0,103,64458.899999999994,33113.319822976955,1853.3210716104554
24-04-2021,2,2,0,110,0,0,103,65144.5,43941.15216684045,2917.3472096595
25-04-2021,4,0,0,110,2,0,105,65730.1,31244.854321864954,2836.634995163119
26-04-2021,14,2,0,112,0,0,105,66518.9,43454.38257334292,3470.511158855951
27-04-2021,13,2,0,114,2,0,107,67725.59999999999,36924.41510566286,2572.9588228360353
28-04-2021,2,1,0,115,2,0,109,68473.40000000001,37949.91886279683,2795.8381861416806
29-04-2021,0,0,0,115,1,0,110,68727.5,33851.07614482055,3138.9212510732737
30-04-2021,4,2,0,117,1,0,111,69718.8,39873.064372955116,2671.5040572704143
01-05-2021,13,1,0,118,1,0,112,70444.7,35050.70154749565,3276.6266550360365
02-05-2021,6,0,0,118,1,0,113,70634.29999999999,29085.85027591074,1582.4657569725691
03-05-2021,8,1,0,119,1,0,114,71269.9,34323.55402090951,3049.301857189902
04-05-2021,14,1,0,120,0,0,114,71677.20000000001,28808.04959101887,2661.212191740519
05-05-2021,14,0,0,120,1,0,115,71957.1,49902.71197431868,2948.795296785353
06-05-2021,9,1,0,121,2,0,117,72782.29999999999,50199.71094477913,3590.1491237975815
07-05-2021,12,0,0,121,2,0,119,73380.8,38051.36355582672,2217.442782498044
08-05-2021,18,1,0,122,1,0,120,74067.99999999999,45811.89173176866,3909.1381793236233
09-05-2021,6,0,0,122,1,0,121,74193.09999999998,37374.16793199234,2869.1172658772994
10-05-2021,16,0,0,122,0,0,121,74322.09999999998,44691.95581907788,3654.289938049743
11-05-2021,19,1,0,123,1,0,122,74970.6,48103.312075554866,2877.7492982914364
12-05-2021,3,1,0,124,0,0,122,75094.09999999999,51366.38243436307,3112.150068172077
13-05-2021,4,2,0,126,2,0,124,76326.6,39694.69268816027,2067.0958135828278
14-05-2021,6,0,0,126,1,0,125,76632.29999999999,48660.69780578481,3216.636440449909
15-05-2021,12,2,0,128,1,0,126,77649.4,37254.51539035409,2905.3765745339015
16-05-2021,14,0,0,128,1,0,127,77955.1,54342.47613263927,5048.239185994852
17-05-2021,10,1,0,129,2,0,129,78793.2,32126.420744807783,2677.6206264063026
18-05-2021,3,2,0,131,0,0,129,79362.7,46114.382683511954,3309.6207679881113
19-05-2021,12,1,0,132,1,0,130,80088.59999999999,47881.11322862413,4675.878267320452
20-05-2021,6,0,0,132,0,0,130,80011.19999999998,48519.88520285085,4170.878988374582
21-05-2021,18,1,0,133,1,0,131,80775.79999999999,35227.64089602551,3399.758331822307
22-05-2021,1,1,0,134,1,0,132,81166.29999999999,55319.61698929453,4225.279079943445
23-05-2021,9,1,0,135,0,0,132,81599.4,37075.094058155795,2333.6997199085035
24-05-2021,12,1,0,136,1,0,133,82247.9,48265.207890299025,2540.744944492398
25-05-2021,20,0,0,136,1,0,134,82631.0,38572.38412820589,3328.9603964656153
26-05-2021,5,1,0,137,1,0,135,83047.29999999999,40872.96818478717,2291.5490881493333
27-05-2021,11,1,0,138,2,0,137,84014.4,47378.875952448994,3086.2010598166685
28-05-2021,11,1,0,139,1,0,138,84624.19999999998,44441.07778738772,3405.232941208849
29-05-2021,19,1,0,140,0,0,138,85057.3,38111.4271029817,2981.107437193162
30-05-2021,10,1,0,141,1,0,139,85551.0,38607.5340490518,3089.728513801052
31-05-2021,6,0,0,141,0,0,139,85499.4,44925.09855031393,2619.7067825394615
01-06-2021,0,1,0,142,0,0,139,85751.9,53782.29626743487,3710.2722938689817
02-06-2021,0,1,0,143,2,0,141,86641.59999999999,57996.968123898194,4689.618102012745
03-06-2021,19,2,0,145,2,0,143,88106.3,37466.17311479716,3690.078729358129
04-06-2021,12,0,0,145,1,0,144,88295.90000000001,45731.198993442245,3950.3321672705747
05-06-2021,8,2,0,147,2,0,146,89463.89999999998,38476.06772650411,3698.711618458919
06-06-2021,2,2,0,149,1,0,147,90326.2,36580.10071723485,3223.0947289129163
07-06-2021,6,2,0,151,0,0,147,91037.59999999998,54487.42422292023,4336.427886343047
08-06-2021,5,0,0,151,2,0,149,91584.5,53186.309275336695,3169.9661787157233
09-06-2021,7,0,0,151,2,0,151,92170.09999999999,41375.68640666883,3448.013143559952
10-06-2021,8,1,0,152,1,0,152,92792.79999999999,43625.96423759142,3541.074944430179
11-06-2021,4,1,0,153,2,0,154,93630.9,38118.29349321436,3054.169507665892
12-06-2021,0,1,0,154,2,0,156,94469.0,61450.58827242338,4577.410899391014
13-06-2021,18,1,0,155,0,0,156,95031.09999999999,65800.21585064483,5029.296725200402
14-06-2021,9,1,0,156,0,0,156,95244.9,41968.50901081699,2800.228161188678
15-06-2021,11,1,0,157,2,0,158,96160.4,45141.784743726974,3429.224326483554
16-06-2021,14,0,0,157,0,0,158,96199.1,63541.70439053705,3804.737167488187
17-06-2021,8,2,0,159,2,0,160,97341.3,65991.47714879771,5956.306249650099
18-06-2021,19,1,0,160,2,0,162,98372.9,51733.148769834814,3067.1987802634967
19-06-2021,16,2,0,162,2,0,164,99553.79999999999,41333.41784393429,2242.2682503292226
20-06-2021,16,1,0,163,1,0,165,100163.59999999998,41249.12836198221,2962.194835029664
21-06-2021,19,0,0,163,1,0,166,100482.2,57494.40356969586,4767.169858479527
22-06-2021,11,0,0,163,1,0,167,100658.9,52128.07684297029,3747.2706564283453
23-06-2021,6,0,0,163,0,0,167,100594.4,41102.44212821528,2623.8856410244202
24-06-2021,1,0,0,163,0,0,167,100529.9,57802.25140218262,4503.290124943589
25-06-2021,2,2,0,165,2,0,169,101762.4,41050.01197481602,2764.723099938798
26-06-2021,16,0,0,165,1,0,170,102222.89999999998,65035.39348220918,6285.240538821718
27-06-2021,4,0,0,165,0,0,170,102068.09999999999,50210.344797291,4826.8337691165525
28-06-2021,16,0,0,165,0,0,170,102222.89999999998,42123.746944743725,3164.2765180709316
29-06-2021,16,0,0,165,2,0,172,102782.69999999998,59254.80894709353,3934.1756184727697
30-06-2021,16,0,0,165,2,0,174,103342.49999999999,53666.310479564374,4661.274373575607
01-07-2021,1,2,0,167,1,0,175,104088.69999999998,72043.96572574247,3734.4455883863825
02-07-2021,1,1,0,168,2,0,177,104978.4,59130.09146153359,4360.161310599805
03-07-2021,4,0,0,168,1,0,178,105297.0,50813.35801369616,3395.1539527568057
04-07-2021,0,0,0,168,1,0,179,105525.29999999999,64669.244706647856,6209.9802560797825
05-07-2021,0,1,0,169,1,0,180,106135.09999999999,51098.48925172127,2585.591290590128
06-07-2021,18,1,0,170,1,0,181,106977.09999999999,71810.83750277085,5575.446835604785
07-07-2021,1,0,0,170,0,0,181,106757.79999999999,54704.46795490971,4761.103754536882
08-07-2021,20,2,0,172,1,0,182,107942.59999999999,60983.31269729804,4528.065814714542
09-07-2021,11,1,0,173,2,0,184,108716.19999999998,45135.91470099268,2449.53292928118
10-07-2021,5,1,0,174,1,0,185,109248.59999999999,57665.38460296441,5687.137233522839
11-07-2021,3,1,0,175,2,0,187,110112.49999999999,71541.08907827637,5430.005974641509
12-07-2021,10,2,0,177,0,0,187,110862.59999999999,71139.9363748422,5741.655335899998
13-07-2021,16,2,0,179,1,0,188,111879.69999999998,52280.887920689456,3232.5528725679665
14-07-2021,5,0,0,179,1,0,189,112017.7,52404.53726582197,3887.101534237752
15-07-2021,4,1,0,180,1,0,190,112614.59999999999,72657.99324383061,5191.956706556585
16-07-2021,19,1,0,181,2,0,192,113697.79999999999,77214.39604901837,4149.871662789213
17-07-2021,1,2,0,183,0,0,192,114125.4,48915.09098539501,2705.3967169105536
18-07-2021,5,1,0,184,1,0,193,114786.79999999999,61412.95730962706,5642.2310702480345
19-07-2021,10,1,0,185,1,0,194,115461.09999999999,57873.29267467501,3587.6231478976792
20-07-2021,15,1,0,186,0,0,194,115855.5,76604.4139053748,4576.953901476616
21-07-2021,15,0,0,186,2,0,196,116415.29999999999,49483.19339998464,3723.3912196031097
22-07-2021,0,2,0,188,0,0,196,116881.59999999999,54155.66139030745,4789.383536557295
23-07-2021,8,0,0,188,0,0,196,116984.79999999999,73202.12739366655,3886.837216913988
24-07-2021,5,0,0,188,1,0,197,117226.0,48694.291822201594,3839.0772493211916
25-07-2021,15,0,0,188,2,0,199,117914.79999999999,64589.08327295478,3614.4388246295193
26-07-2021,2,0,0,188,2,0,201,118306.9,63014.05382234505,3265.5806220744917
27-07-2021,19,1,0,189,1,0,202,119136.0,59606.165658001075,3137.5015204019946
28-07-2021,3,2,0,191,2,0,204,120149.2,62281.94440831493,5711.765351158234
29-07-2021,18,1,0,192,0,0,204,120672.59999999999,67453.83254111916,3770.5764348113175
30-07-2021,2,2,0,194,2,0,206,121685.8,54565.15482981314,2851.4423009873585
31-07-2021,18,0,0,194,1,0,207,122172.09999999999,69833.42129237528,5020.673429755494
01-08-2021,19,2,0,196,2,0,209,123404.6,79180.05632729993,7300.375348777144
02-08-2021,6,2,0,198,1,0,210,124176.59999999998,77988.89991425417,4922.692026247014
03-08-2021,19,2,0,200,1,0,211,125284.0,55897.95869789643,3973.541658737095
04-08-2021,8,0,0,200,2,0,213,125701.9,55909.042576148735,2907.0536574501593
05-08-2021,0,0,0,200,0,0,213,125598.7,60344.18558862492,4372.17313947219
06-08-2021,7,0,0,200,1,0,214,125968.90000000001,64032.815828494444,5050.950392053067
07-08-2021,6,1,0,201,2,0,216,126845.69999999998,66281.53024279978,5206.106169595015
08-08-2021,17,1,0,202,2,0,218,127877.29999999999,77226.27347184882,5144.917405552423
09-08-2021,7,0,0,202,1,0,219,128028.2,53388.288111624206,3511.703223482243
10-08-2021,0,0,0,202,2,0,221,128497.69999999998,52735.68882374894,2917.927940662568
11-08-2021,10,2,0,204,2,0,223,129846.29999999999,67204.96095875511,4592.781388876227
12-08-2021,17,0,0,204,2,0,225,130496.39999999998,79491.76561041443,4370.038625397497
13-08-2021,9,0,0,204,1,0,226,130673.09999999999,59852.278774106024,5286.739648205546
14-08-2021,2,0,0,204,1,0,227,130862.7,77529.78254378775,7622.240936292791
15-08-2021,6,0,0,204,2,0,229,131474.09999999998,62837.84117711301,6189.761290755487
16-08-2021,15,2,0,206,0,0,229,132250.0,88055.46636717627,8211.485273172122
17-08-2021,15,2,0,208,1,0,230,133189.69999999998,89064.88249096619,7128.71823366972
18-08-2021,19,0,0,208,0,0,230,133241.3,65179.80007154285,5543.104304745072
19-08-2021,16,2,0,210,2,0,232,134422.19999999998,63043.75991819925,4051.2103034830293
20-08-2021,1,2,0,212,0,0,232,134888.49999999997,70599.45275081674,5756.574961320325
21-08-2021,0,0,0,212,1,0,233,135155.5,63814.94999824468,4644.610160623659
22-08-2021,15,1,0,213,2,0,235,136238.7,81976.89021331964,6074.558637856481
23-08-2021,11,0,0,213,0,0,235,136187.1,88224.64614031375,7753.960751641808
24-08-2021,4,1,0,214,1,0,236,136706.6,82287.48101108821,5274.291617198714
25-08-2021,4,2,0,216,1,0,237,137646.3,89099.15669016543,5871.810894310742
26-08-2021,8,0,0,216,0,0,237,137697.9,71478.65611572858,6878.5404367021865
27-08-2021,8,2,0,218,1,0,238,138637.6,61956.46289750403,3271.996066768831
28-08-2021,2,1,0,219,1,0,239,139169.99999999997,86478.19000479685,6423.748256791597
29-08-2021,18,1,0,220,1,0,240,139986.2,71132.91685149398,6803.155014444178
30-08-2021,15,0,0,220,2,0,242,140507.3,84498.45536651518,6803.659337000484
31-08-2021,15,1,0,221,0,0,242,140837.19999999998,67769.90049570228,5239.992677260315
01-09-2021,2,0,0,221,1,0,243,140949.39999999997,59814.54048646588,3737.643690311967
02-09-2021,19,0,0,221,2,0,245,141728.5,98894.53870053624,6642.130491938291
03-09-2021,0,2,0,223,1,0,246,142423.09999999998,63643.25089524515,5893.519099859969
04-09-2021,19,1,0,224,0,0,246,142998.1,99601.93724106679,7765.05732527677
05-09-2021,10,1,0,225,2,0,248,143771.7,99660.23918428905,7547.978466616771
06-09-2021,16,1,0,226,1,0,249,144458.9,92185.78702719232,5068.281064591112
07-09-2021,7,2,0,228,1,0,250,145282.5,86853.78494660334,4412.294550022356
08-09-2021,3,0,0,228,0,0,250,145230.90000000002,83266.99138029308,8175.507884000686
09-09-2021,5,1,0,229,1,0,251,145866.5,96247.16032065677,6626.550420109167
10-09-2021,7,2,0,231,0,0,251,146552.09999999998,71346.2309148994,5719.160466716709
11-09-2021,19,1,0,232,0,0,251,147036.8,79444.6246711689,4288.877937058376
12-09-2021,2,0,0,232,1,0,252,147097.39999999997,86172.1562239676,7251.8793586059
13-09-2021,15,1,0,233,2,0,254,148154.8,77537.87281430478,7492.35558324012
14-09-2021,2,0,0,233,2,0,256,148546.89999999997,78469.29626413046,6182.0671775275305
15-09-2021,17,1,0,234,1,0,257,149350.19999999995,74538.50434451092,4196.947592464992
16-09-2021,13,2,0,236,0,0,257,149958.4,85366.75013773188,6751.321321164996
17-09-2021,17,2,0,238,1,0,258,150949.69999999998,98898.07094945699,8734.416600149978
18-09-2021,1,0,0,238,1,0,259,151023.19999999998,69539.9181611969,4890.1045426955625
19-09-2021,2,2,0,240,1,0,260,151975.8,103393.68258329557,9718.167370937867
20-09-2021,15,0,0,240,2,0,262,152703.3,92649.10761498359,7637.450218429771
21-09-2021,8,0,0,240,1,0,263,152892.90000000002,98918.94869368999,9393.585315239792
22-09-2021,3,2,0,242,0,0,263,153488.2,87005.89248056013,7062.726427600207
23-09-2021,0,0,0,242,1,0,264,153729.39999999997,97442.15043997011,5511.756637951139
24-09-2021,3,1,0,243,2,0,266,154657.8,62614.77534349435,4100.302613004406
25-09-2021,0,2,0,245,0,0,266,155278.9,100234.72364238968,6023.079225645252
26-09-2021,13,0,0,245,0,0,266,155446.6,64050.4747518098,6113.0621698799705
27-09-2021,20,1,0,246,0,0,266,155866.8,103959.10507526249,9150.48077848193
28-09-2021,15,0,0,246,0,0,266,155802.3,108685.94326022977,9110.046900244732
29-09-2021,19,0,0,246,1,0,267,156133.8,76227.68109780496,4958.482286593213
30-09-2021,7,2,0,248,2,0,269,157198.59999999998,72797.97478064438,4309.803072743263
01-10-2021,6,1,0,249,1,0,270,157795.49999999997,99349.46840449843,8725.124093510065
02-10-2021,2,1,0,250,1,0,271,158353.69999999998,75361.77718465505,5554.7581326164
03-10-2021,16,1,0,251,1,0,272,159144.09999999998,104982.38393913861,6434.315469623106
04-10-2021,0,0,0,251,1,0,273,159217.59999999998,68599.34521032768,5544.960457738127
05-10-2021,15,1,0,252,2,0,275,160300.8,70177.53562313046,3650.4032984197374
06-10-2021,11,1,0,253,1,0,276,160858.99999999997,111595.20200057895,7399.711869830079
07-10-2021,18,2,0,255,0,0,276,161609.1,97313.18936832211,7145.498245641054
08-10-2021,13,1,0,256,2,0,278,162434.3,106242.78004371794,6098.114239506924
09-10-2021,5,1,0,257,1,0,279,162940.89999999997,81030.31619262877,8040.858992615111
10-10-2021,5,2,0,259,2,0,281,164160.5,98979.77316895314,5983.809144312952
11-10-2021,12,0,0,259,1,0,282,164530.69999999995,95143.58714490876,5377.292576639591
12-10-2021,18,1,0,260,1,0,283,165217.90000000002,95982.51886943833,5775.915437143805
13-10-2021,7,2,0,262,2,0,285,166295.59999999998,100568.88346349032,8895.625147026523
14-10-2021,1,1,0,263,0,0,285,166548.1,95366.73313066673,6797.290889201649
15-10-2021,20,1,0,264,0,0,285,167123.09999999998,88361.1099753619,6916.0945004829255
16-10-2021,0,0,0,264,2,0,287,167424.89999999997,80828.85885431807,4126.350251950842
17-10-2021,14,1,0,265,1,0,288,168215.30000000002,106072.26174618906,5486.223426072075
18-10-2021,0,0,0,265,1,0,289,168314.59999999998,78751.32606410427,5693.033965312009
19-10-2021,4,0,0,265,0,0,289,168366.19999999998,102317.1990742566,9293.753808397629
20-10-2021,15,2,0,267,0,0,289,169167.89999999997,79508.88708259769,7494.662256544145
21-10-2021,18,0,0,267,1,0,290,169486.5,99590.10655499565,5411.26114304317
22-10-2021,3,1,0,268,2,0,292,170182.7,106215.01898340182,8169.863304651254
23-10-2021,2,1,0,269,0,0,292,170499.69999999995,79387.07573331946,7594.285499994375
24-10-2021,16,0,0,269,2,0,294,171240.09999999998,71575.44905014614,4967.238658269846
25-10-2021,16,2,0,271,1,0,295,172179.8,75637.22986219649,6919.164566988407
26-10-2021,11,0,0,271,1,0,296,172395.19999999998,100299.37051162455,5685.448024401386
27-10-2021,13,1,0,272,0,0,296,172750.9,113123.1493531784,10946.895995600446
28-10-2021,20,2,0,274,0,0,296,173501.0,71742.49804435021,6282.574196640942
29-10-2021,5,2,0,276,0,0,296,173967.3,107902.41369812273,10473.733338844308
30-10-2021,2,2,0,278,2,0,298,175148.19999999998,87993.68393937667,7376.586346826567
31-10-2021,8,0,0,278,1,0,299,175505.5,95397.50824807322,6503.26689241854
01-11-2021,4,1,0,279,0,0,299,175783.8,119297.05840144286,11560.965626562942
02-11-2021,16,0,0,279,1,0,300,176218.49999999997,88037.25618218807,5614.869953170946
03-11-2021,13,2,0,281,0,0,300,176839.6,95422.83917892554,6355.984216564017
04-11-2021,20,2,0,283,2,0,302,178149.5,71991.05460452239,6122.149584609731
05-11-2021,2,0,0,283,0,0,302,177917.3,75522.26718401504,6666.034461852648
06-11-2021,0,0,0,283,2,0,304,178451.3,85224.3216821212,8221.605158108281
07-11-2021,19,2,0,285,2,0,306,179916.0,73469.71912786934,4425.824729897003
08-11-2021,20,2,0,287,2,0,308,181148.5,106771.20797519547,9598.72110786923
09-11-2021,0,0,0,287,1,0,309,181170.39999999997,95643.38825832777,8314.021759501462
10-11-2021,2,0,0,287,0,0,309,181196.19999999995,102275.02833476415,5439.980919160229
11-11-2021,17,0,0,287,0,0,309,181389.69999999995,82059.6401966738,5691.751592010461
12-11-2021,9,1,0,288,1,0,310,181896.30000000002,88907.20236180347,5702.354403678676
13-11-2021,2,1,0,289,1,0,311,182415.8,109293.94179195192,7128.645025375404
14-11-2021,7,1,0,290,0,0,311,182810.19999999998,126064.2351902254,12498.934089695369
15-11-2021,13,0,0,290,0,0,311,182887.6,75921.22081715542,6236.083338112252
16-11-2021,17,2,0,292,0,0,311,183598.99999999997,122481.70127741178,10519.194902509791
17-11-2021,14,2,0,294,2,0,313,184779.9,105890.77520704948,10465.278695160645
18-11-2021,1,2,0,296,2,0,315,185831.8,105770.9764436253,7283.398864522284
19-11-2021,9,1,0,297,1,0,316,186544.8,102615.22778838738,9244.811966202547
20-11-2021,1,1,0,298,2,0,318,187331.3,78832.42529742271,5654.377750077075
21-11-2021,16,2,0,300,2,0,320,188744.4,80586.88573644919,7532.994819549904
22-11-2021,7,2,0,302,1,0,321,189567.99999999997,110001.30612663446,6493.693581625212
23-11-2021,0,1,0,303,1,0,322,190087.5,95478.588734327,9298.116374172698
24-11-2021,8,2,0,305,1,0,323,191130.40000000002,129047.50374166563,7863.97233006946
25-11-2021,10,2,0,307,2,0,325,192375.8,100415.7739690875,6658.672933108293
26-11-2021,15,0,0,307,1,0,326,192720.19999999998,85372.04941323941,7496.48650946557
27-11-2021,6,0,0,307,2,0,328,193163.9,118682.92318481118,8270.74672024214
28-11-2021,9,1,0,308,2,0,330,194092.3,94718.21208410648,7616.345313031859
29-11-2021,2,1,0,309,0,0,330,194331.89999999997,108367.45296661639,7827.237546698083
30-11-2021,17,1,0,310,2,0,332,195415.09999999998,119076.15906883139,10373.73598928263
01-12-2021,12,1,0,311,2,0,334,196240.3,131496.54977845828,8076.066083576252
02-12-2021,6,2,0,313,1,0,335,197102.59999999998,125683.92325775503,6651.557621971876
03-12-2021,3,2,0,315,1,0,336,198003.6,119378.0179015931,7759.149744117342
04-12-2021,12,2,0,317,2,0,338,199339.3,120379.00085062605,8873.790201114107
05-12-2021,19,1,0,318,0,0,338,199759.5,136591.03017885826,7977.053109928089
06-12-2021,0,2,0,320,0,0,338,200174.2,97834.58561712733,6627.301571437001
07-12-2021,7,2,0,322,0,0,338,200924.3,80436.75402437091,5630.504484038806
08-12-2021,13,0,0,322,0,0,338,201001.7,96799.67862853668,5117.759532673039
09-12-2021,15,1,0,323,1,0,339,201637.3,93835.4288443635,7428.515731287696
10-12-2021,13,0,0,323,2,0,341,202171.3,121009.7075372373,11401.192355926034
11-12-2021,11,0,0,323,1,0,342,202425.4,119453.95722015313,6879.012432625424
12-12-2021,18,0,0,323,0,0,342,202515.7,117061.85420242453,9352.11843541368
13-12-2021,14,0,0,323,0,0,342,202464.1,81972.25423309095,6823.121266837278
14-12-2021,1,0,0,323,0,0,342,202296.4,125147.31304431097,8881.296078253989
15-12-2021,1,0,0,323,2,0,344,202856.19999999998,100831.52501837179,8576.213196950614
16-12-2021,18,1,0,324,1,0,345,203685.3,122112.7585912837,8613.41602037135
17-12-2021,16,2,0,326,0,0,345,204319.29999999996,115843.63447199798,8715.132600069817
18-12-2021,19,2,0,328,1,0,346,205297.69999999998,103227.64121276626,5199.333932892608
19-12-2021,9,2,0,330,2,0,348,206388.3,90887.81009638881,7687.836823485741
20-12-2021,5,2,0,332,2,0,350,207556.3,88901.69111454643,7384.808683947848
21-12-2021,14,0,0,332,1,0,351,207952.3,135055.7649588559,7012.101241062828
22-12-2021,10,0,0,332,2,0,353,208460.5,140819.0832463278,9633.786288753608
23-12-2021,4,1,0,333,2,0,355,209272.8,124504.00918586877,12319.869924252627
24-12-2021,0,1,0,334,2,0,357,210110.89999999997,90564.15048921185,6433.389992899489
25-12-2021,7,0,0,334,0,0,357,210201.19999999995,109432.46102677051,8218.079100571365
26-12-2021,20,0,0,334,0,0,357,210368.89999999997,130151.40130790052,12429.004324235373
27-12-2021,11,2,0,336,0,0,357,210912.59999999998,133707.25505425857,11480.518581566861
28-12-2021,11,1,0,337,2,0,359,211802.29999999996,92232.61283122514,7295.923093791305
29-12-2021,4,0,0,337,2,0,361,212271.8,84910.67622338097,7632.640560511521
30-12-2021,6,1,0,338,2,0,363,213187.3,130820.49221237868,12194.86563209626
31-12-2021,3,0,0,338,2,0,365,213708.4,108345.63946483911,7892.37348805353
01-01-2022,5,0,0,338,1,0,366,214014.09999999998,101944.41794592504,7518.953183507058
02-01-2022,12,2,0,340,2,0,368,215323.99999999997,86962.74043548793,6026.739387372789
03-01-2022,19,0,0,340,1,0,369,215694.19999999998,121239.51449056888,11922.124878072947
04-01-2022,14,1,0,341,0,0,369,215959.6,141528.09170869025,12009.835064104951
05-01-2022,2,1,0,342,0,0,369,216134.69999999995,148547.10857328956,8045.482721255107
06-01-2022,7,2,0,344,2,0,371,217418.8,123868.59648052017,11538.109691983107
07-01-2022,19,2,0,346,0,0,371,218233.4,120975.15341635744,8955.548299239032
08-01-2022,15,2,0,348,2,0,373,219401.4,93359.00701658375,4988.890172434915
09-01-2022,12,0,0,348,0,0,373,219362.69999999998,123865.74591088464,9597.844188088615
10-01-2022,17,0,0,348,0,0,373,219427.19999999998,112784.20360678661,7991.687229213027
11-01-2022,9,1,0,349,1,0,374,219933.8,128032.39083163772,12020.637284362338
12-01-2022,18,2,0,351,2,0,376,221269.5,114311.78538944085,6881.53863689206
13-01-2022,16,2,0,353,1,0,377,222183.4,104890.50287956666,9578.939569068321
14-01-2022,18,0,0,353,1,0,378,222489.1,95334.26158504415,7425.055057676951
15-01-2022,4,1,0,354,0,0,378,222638.4,110089.24159012812,5805.062422695293
16-01-2022,20,0,0,354,2,0,380,223404.59999999998,95839.11016383646,9448.994952988822
17-01-2022,8,1,0,355,0,0,380,223579.69999999998,101297.05015884232,7661.173112647569
18-01-2022,11,1,0,356,1,0,381,224228.19999999998,156107.8628899618,10075.801348410456
19-01-2022,20,1,0,357,2,0,383,225234.0,120101.7661608916,8823.917846590402
20-01-2022,0,2,0,359,1,0,384,225915.69999999998,126413.7347320652,11742.937050774126
21-01-2022,0,0,0,359,2,0,386,226475.5,149946.15793150757,9783.26049871802
22-01-2022,14,1,0,360,2,0,388,227545.8,158979.57657518217,9480.559425233487
23-01-2022,1,0,0,360,2,0,390,227937.89999999997,131021.97236498492,7396.657085673851
24-01-2022,15,0,0,360,1,0,391,228398.39999999997,147029.6762305125,9541.192356902027
25-01-2022,7,1,0,361,2,0,393,229184.89999999997,114152.94379054953,10159.886461217866
26-01-2022,12,0,0,361,1,0,394,229529.3,112864.87895963195,8304.746579078317
27-01-2022,20,0,0,361,0,0,394,229632.5,119595.15866338501,7340.0428575057595
28-01-2022,0,0,0,361,1,0,395,229654.39999999997,138195.03557148777,8058.0488752002375
29-01-2022,15,2,0,363,2,0,397,231067.5,139716.69844708577,9310.228119057156
30-01-2022,6,1,0,364,0,0,397,231281.29999999996,114385.21587709698,11094.933408888692
31-01-2022,4,1,0,365,0,0,397,231585.4,101889.00206954525,6841.982574926978
01-02-2022,2,0,0,365,0,0,397,231559.59999999998,136555.06725659515,13574.420845322065
02-02-2022,11,1,0,366,1,0,398,232285.49999999997,101856.67111843447,7564.031503398722
03-02-2022,15,2,0,368,0,0,398,232996.9,133634.8483271975,7878.869568680412
04-02-2022,18,1,0,369,1,0,399,233645.4,142062.62714357025,13433.016486835928
05-02-2022,4,2,0,371,0,0,399,234124.6,142858.95590462573,10431.242192787577
06-02-2022,13,0,0,371,0,0,399,234240.7,146644.43038941443,12535.689016066295
07-02-2022,4,0,0,371,0,0,399,234124.6,154957.19887908775,15369.519515904529
08-02-2022,14,2,0,373,0,0,399,234913.4,129199.47999890635,6784.105458450497
09-02-2022,16,2,0,375,2,0,401,236158.79999999996,146199.95169008282,8016.834582985948
10-02-2022,13,1,0,376,0,0,401,236450.0,138501.0179831756,11914.250504430447
11-02-2022,19,2,0,378,0,0,401,237187.19999999998,108155.46141863427,6931.818734468208
12-02-2022,4,1,0,379,2,0,403,237883.4,96986.7020198982,5743.074334387423
13-02-2022,11,2,0,381,2,0,405,239193.29999999996,116095.43790799154,6033.258629127239
14-02-2022,15,2,0,383,0,0,405,239904.69999999998,127847.64052264439,6532.034555162903
15-02-2022,15,0,0,383,0,0,405,239904.69999999998,140375.86493991202,12454.747568068104
16-02-2022,20,0,0,383,0,0,405,239969.19999999998,157176.89817201692,8915.336364829796
17-02-2022,6,2,0,385,2,0,407,241008.19999999998,110592.32808231887,8115.931994733233
18-02-2022,3,2,0,387,2,0,409,242189.09999999998,105997.67718621036,8511.06661048791
19-02-2022,0,2,0,389,1,0,410,243090.09999999998,167499.77103385868,11962.429977554077
20-02-2022,4,1,0,390,0,0,410,243471.59999999998,105280.37452280064,5406.708651640932
21-02-2022,9,0,0,390,2,0,412,244095.9,132677.67251993323,11831.54141495837
22-02-2022,4,1,0,391,1,0,413,244641.19999999998,140832.38398654037,7115.649323106362
23-02-2022,3,0,0,391,1,0,414,244908.2,137739.39048514492,12134.082007674551
24-02-2022,1,1,0,392,0,0,414,245212.29999999996,104413.76293000275,9884.352328435096
25-02-2022,19,2,0,394,0,0,414,246104.3,102652.09062560627,7354.20067141737
26-02-2022,9,2,0,396,1,0,415,246914.99999999997,106579.63214746249,8182.877596478408
27-02-2022,18,0,0,396,1,0,416,247311.0,142371.08270586588,10513.986237277919
28-02-2022,0,2,0,398,0,0,416,247738.59999999998,139552.01211390516,9693.34289874398
01-03-2022,4,1,0,399,1,0,417,248399.99999999997,116778.36382257818,11020.517453957025
02-03-2022,12,1,0,400,0,0,417,248833.09999999998,147143.03504458346,13933.956246631271
03-03-2022,3,0,0,400,1,0,418,248996.90000000002,160857.0397407801,10743.773302676387
04-03-2022,15,1,0,401,1,0,419,249761.5,103020.04701391752,8319.228099467518
05-03-2022,15,1,0,402,1,0,420,250371.3,137563.752460515,13253.631744666405
06-03-2022,1,0,0,402,0,0,420,250190.69999999998,151813.99635637816,14893.39709046416
07-03-2022,16,2,0,404,1,0,421,251323.89999999997,119553.16525830078,9020.041476379201
08-03-2022,19,1,0,405,2,0,423,252252.30000000002,124191.69561998373,9021.438800351661
09-03-2022,11,2,0,407,1,0,424,253088.79999999996,147826.98415062984,9451.276218713332
10-03-2022,17,0,0,407,0,0,424,253166.19999999995,169464.5398261107,16597.966028426217
11-03-2022,2,2,0,409,2,0,426,254192.29999999996,163439.88536688816,9339.071945934274
12-03-2022,0,0,0,409,1,0,427,254446.39999999997,146291.17549433006,11555.75628803654
13-03-2022,0,1,0,410,1,0,428,255056.2,157896.75294659095,10125.526136598734
14-03-2022,18,1,0,411,2,0,430,256178.09999999998,130509.09817654212,8346.110926680594
15-03-2022,10,2,0,413,0,0,430,256734.69999999995,152061.3077700328,10682.068038611942
16-03-2022,4,1,0,414,0,0,430,256987.19999999998,138735.6905386247,13865.195909705491
17-03-2022,11,2,0,416,0,0,430,257737.29999999996,117781.00809490097,6212.749756287443
18-03-2022,2,1,0,417,2,0,432,258510.89999999997,157826.45782333685,12456.783184653657
19-03-2022,0,2,0,419,0,0,432,259144.89999999997,146919.451839789,7952.545401778018
20-03-2022,0,0,0,419,1,0,433,259424.8,131680.5196521982,7601.395142121937
21-03-2022,7,0,0,419,1,0,434,259794.99999999994,174946.40946594332,12592.318393169975
22-03-2022,9,1,0,420,0,0,434,260150.69999999998,105694.08762195213,7982.335273599805
23-03-2022,10,0,0,420,0,0,434,260163.59999999998,128711.243943724,8101.036837375705
24-03-2022,11,0,0,420,2,0,436,260736.3,108743.83355861153,7157.82975634274
25-03-2022,12,1,0,421,2,0,438,261638.89999999997,164821.56915085355,8957.780494690525
26-03-2022,11,2,0,423,1,0,439,262565.7,160331.08054938176,10447.331806854021
27-03-2022,13,2,0,425,2,0,441,263811.10000000003,131748.75799368054,12954.58159551887
28-03-2022,1,0,0,425,2,0,443,264216.10000000003,159242.7450807503,15484.02709181622
29-03-2022,18,1,0,426,0,0,443,264765.3,137355.25154248154,9167.627166018163
30-03-2022,17,0,0,426,1,0,444,265032.3,166142.4245173224,13049.274076796644
31-03-2022,2,2,0,428,1,0,445,265778.49999999994,142525.07578200026,13608.261391552289
01-04-2022,16,2,0,430,0,0,445,266618.9,139624.03025803342,7024.372024877815
02-04-2022,7,2,0,432,1,0,446,267442.49999999994,181972.95162689392,16474.771687832712
03-04-2022,9,1,0,433,0,0,446,267798.19999999995,127274.7714105049,12398.914472719867
04-04-2022,1,0,0,433,2,0,448,268254.8,116995.09313039319,6383.987796197463
05-04-2022,18,2,0,435,0,0,448,269133.89999999997,154849.6703368979,8992.489564787536
06-04-2022,8,2,0,437,2,0,450,270224.5,186670.15061907584,18300.640383206253
07-04-2022,6,1,0,438,1,0,451,270808.5,139020.02121319165,10687.443169250733
08-04-2022,3,0,0,438,1,0,452,271049.7,113464.39385116565,5753.760318811317
09-04-2022,20,0,0,438,1,0,453,271548.89999999997,136260.9516306357,8568.30664763285
10-04-2022,17,0,0,438,1,0,454,271790.1,149968.20447620345,10872.272471086506
11-04-2022,12,0,0,438,2,0,456,272285.39999999997,122140.94118901646,10338.674386991903
12-04-2022,10,1,0,439,0,0,456,272589.5,162853.32637067302,14112.546635671564
13-04-2022,3,2,0,441,0,0,456,273159.0,191026.8676057912,19058.956058367934
14-04-2022,20,1,0,442,2,0,458,274268.0,146876.50477954358,9455.257241500229
15-04-2022,3,2,0,444,2,0,460,275268.3,139400.97803177373,10721.469331430006
16-04-2022,9,1,0,445,1,0,461,275955.5,143555.1556132666,11005.825025923583
17-04-2022,4,2,0,447,0,0,461,276550.79999999993,120173.45032564065,8446.062038082744
18-04-2022,8,0,0,447,1,0,462,276882.3,184121.76788765282,10763.407742057136
19-04-2022,2,0,0,447,0,0,462,276804.89999999997,145169.69222820667,14353.338033602287
20-04-2022,16,0,0,447,2,0,464,277545.3,143263.9778103693,13275.679615308894
21-04-2022,2,1,0,448,1,0,465,277974.49999999994,166202.92213181363,12451.36638145558
22-04-2022,15,1,0,449,1,0,466,278752.0,148466.11004541776,11901.380567700975
23-04-2022,3,2,0,451,0,0,466,279257.0,166009.9201396618,10186.875474597837
24-04-2022,17,2,0,453,1,0,467,280377.3,117319.36347656605,9055.805822085622
25-04-2022,16,2,0,455,0,0,467,281024.2,181012.46550725918,15340.536137874284
26-04-2022,6,2,0,457,1,0,468,281834.9,192254.01125281135,14564.846946266201
27-04-2022,4,1,0,458,0,0,468,282138.99999999994,167768.20518568685,16695.32854383621
28-04-2022,11,1,0,459,1,0,469,282839.1,194132.210462727,15640.665876902134
29-04-2022,16,1,0,460,1,0,470,283513.4,126285.28709506916,8656.690444724745
30-04-2022,12,0,0,460,1,0,471,283741.7,154135.54436320328,13657.580873546083
01-05-2022,2,1,0,461,0,0,471,283942.6,164840.61062019356,9646.987755858163
02-05-2022,8,1,0,462,0,0,471,284349.89999999997,163364.9872561649,11309.070413104151
03-05-2022,16,0,0,462,0,0,471,284453.1,148040.35427801806,9970.214010592257
04-05-2022,16,1,0,463,2,0,473,285342.8,143078.10560147456,10243.012337738555
05-05-2022,19,2,0,465,1,0,474,286321.19999999995,125422.20189763888,11173.73745323863
06-05-2022,15,0,0,465,2,0,476,286829.4,148440.7356147924,11015.586833698657
07-05-2022,12,0,0,465,2,0,478,287350.49999999994,128962.39996529059,11568.0204539355
08-05-2022,18,2,0,467,0,0,478,288087.7,178703.59560987618,14086.211771508193
09-05-2022,16,0,0,467,1,0,479,288341.8,133401.1263508582,8951.678711218869
10-05-2022,3,2,0,469,1,0,480,289113.8,120725.1313876915,10925.4960820058
11-05-2022,11,0,0,469,1,0,481,289496.9,163771.2453689186,10139.812073697387
12-05-2022,8,1,0,470,1,0,482,290068.0,167824.32943313543,10274.062627712245
13-05-2022,18,0,0,470,0,0,482,290197.0,191986.76639332564,14442.232570929555
14-05-2022,11,0,0,470,0,0,482,290106.7,166258.54946175183,10481.348336180024
15-05-2022,8,2,0,472,1,0,483,291007.7,146564.35659082892,7394.809601088617
16-05-2022,6,1,0,473,0,0,483,291311.8,186702.77098864573,15387.085788020959
17-05-2022,13,1,0,474,1,0,484,292011.89999999997,164135.11983886675,12401.17827375716
18-05-2022,19,1,0,475,1,0,485,292699.1,124041.22038778808,8965.189690100999
19-05-2022,18,1,0,476,2,0,487,293575.89999999997,167266.38625283967,16450.385765666073
20-05-2022,14,1,0,477,1,0,488,294134.1,197777.40529227292,15537.384890076084
21-05-2022,15,1,0,478,1,0,489,294756.79999999993,152947.47238743614,14250.357489490922
22-05-2022,20,1,0,479,1,0,490,295431.1,144435.597284092,8228.858772089601
23-05-2022,4,1,0,480,1,0,491,295834.5,131066.76452465924,10283.540699677904
24-05-2022,2,1,0,481,2,0,493,296698.39999999997,132159.4532136156,12343.558304146494
25-05-2022,11,1,0,482,2,0,495,297704.2,157733.04655863813,12485.404706013913
26-05-2022,19,0,0,482,0,0,495,297807.39999999997,172342.31789980066,14804.327282156422
27-05-2022,20,2,0,484,1,0,496,298760.0,126729.39753454107,8693.912736999166
28-05-2022,3,1,0,485,2,0,498,299430.39999999997,204172.77953177228,11152.422719580007
29-05-2022,20,1,0,486,1,0,499,300259.5,188124.61272218573,13713.34642041703
30-05-2022,15,0,0,486,1,0,500,300474.9,173069.68895516754,12067.105721343629
31-05-2022,6,0,0,486,1,0,501,300638.7,194973.6975182478,18201.381362375872
01-06-2022,12,0,0,486,2,0,503,301275.89999999997,127757.86119799515,7946.508958445259
02-06-2022,20,2,0,488,0,0,503,302038.89999999997,164022.7270323242,16129.455567406003
03-06-2022,9,0,0,488,0,0,503,301896.99999999994,177825.76741604667,17410.370693042463
04-06-2022,6,2,0,490,2,0,505,303077.9,196575.07478456848,12262.664177018107
05-06-2022,13,1,0,491,2,0,507,304057.89999999997,193089.19274275124,13014.713192920155
06-06-2022,4,0,0,491,0,0,507,303941.79999999993,146840.597944762,13917.226921377382
07-06-2022,2,1,0,492,2,0,509,304805.69999999995,207957.97160958356,20448.738398994446
08-06-2022,10,2,0,494,1,0,510,305848.6,133748.7404552361,9652.908096407846
09-06-2022,10,0,0,494,2,0,512,306408.39999999997,203007.8475603752,13408.63834345867
10-06-2022,17,2,0,496,0,0,512,307158.49999999994,212333.16519745401,16202.018611129264
11-06-2022,14,2,0,498,2,0,514,308339.3999999999,139722.7833175051,11790.990555549855
12-06-2022,11,1,0,499,2,0,516,309190.4,190652.9285652782,12139.582290474416
13-06-2022,8,1,0,500,2,0,518,310041.39999999997,127763.61359249707,11092.904384788397
14-06-2022,9,0,0,500,2,0,520,310614.1,162024.6537850168,8519.720959348275
15-06-2022,11,2,0,502,0,0,520,311299.7,172735.53084657385,9062.522061102396
16-06-2022,16,1,0,503,2,0,522,312253.9,179294.1808919993,12427.665928736
17-06-2022,5,2,0,505,0,0,522,312771.8,212929.1533465246,14409.695043135367
18-06-2022,6,1,0,506,1,0,523,313394.5,188561.70040576617,12403.90180999679
19-06-2022,13,1,0,507,2,0,525,314374.5,171140.25458267162,12758.675088547594
20-06-2022,12,1,0,508,0,0,525,314691.49999999994,202315.95550252008,13360.27383348159
21-06-2022,7,0,0,508,1,0,526,314906.89999999997,215761.56319850235,12862.171611223404
22-06-2022,9,2,0,510,0,0,526,315592.5,128326.17330840476,8401.960814921122
23-06-2022,8,1,0,511,1,0,527,316189.39999999997,219674.60346856204,21691.815650897865
24-06-2022,17,1,0,512,2,0,529,317195.19999999995,135074.29032301955,9530.257168293516
25-06-2022,1,2,0,514,0,0,529,317648.6,204666.0860879693,14784.185478043868
26-06-2022,4,2,0,516,1,0,530,318627.0,154247.4663603597,12158.903515154105
27-06-2022,4,2,0,518,2,0,532,319846.6,140621.80423652186,13945.047863512911
28-06-2022,5,1,0,519,1,0,533,320469.29999999993,170475.78868804345,10583.14784182341
29-06-2022,18,1,0,520,2,0,535,321526.7,190725.4501799237,16033.164370537534
30-06-2022,7,2,0,522,1,0,536,322324.49999999994,165766.8338913807,14222.66748272414
01-07-2022,15,1,0,523,0,0,536,322757.6,134386.4600661032,10800.1319275317
02-07-2022,12,0,0,523,1,0,537,322998.8,187287.08862691934,10193.833398643645
03-07-2022,0,2,0,525,0,0,537,323503.8,216980.78668627574,18192.453279073656
04-07-2022,19,1,0,526,1,0,538,324358.69999999995,167033.2513756024,8886.959967797726
05-07-2022,16,1,0,527,0,0,538,324649.9,150929.6843873711,12045.26531668941
06-07-2022,6,0,0,527,2,0,540,325080.7,173194.28602599454,15064.275998658943
07-07-2022,12,0,0,527,0,0,540,325158.1,134780.8981706412,8160.780475768002
08-07-2022,3,1,0,528,1,0,541,325651.8,210418.69762909604,19375.58521761159
09-07-2022,3,2,0,530,1,0,542,326591.5,211599.36548783135,10901.110573937804
10-07-2022,5,0,0,530,0,0,542,326617.3,188262.2571292402,17356.018571812037
11-07-2022,18,2,0,532,1,0,543,327724.7,165806.04150394013,12106.56895901419
12-07-2022,11,1,0,533,0,0,543,327964.3,209875.83738163186,12777.1144239465
13-07-2022,6,0,0,533,1,0,544,328179.69999999995,185882.98641668164,10537.503376272214
14-07-2022,9,0,0,533,1,0,545,328498.29999999993,212794.52778212668,20782.653816956717
15-07-2022,18,1,0,534,2,0,547,329504.1,194222.11834114647,10416.769134583143
16-07-2022,6,0,0,534,2,0,549,329909.1,209598.39111081243,12566.40258050659
17-07-2022,2,1,0,535,0,0,549,330187.39999999997,191366.34754003692,12896.391988055035
18-07-2022,12,1,0,536,1,0,550,330926.2,173485.51899056538,14054.364182931016
19-07-2022,12,1,0,537,2,0,552,331815.89999999997,228084.86029879955,17617.286986231644
20-07-2022,17,2,0,539,0,0,552,332540.19999999995,186998.70986439276,10524.694042417605
21-07-2022,19,0,0,539,0,0,552,332565.99999999994,193396.06024688578,12471.415542256515
22-07-2022,7,0,0,539,2,0,554,332970.99999999994,155213.19693507053,9613.531129962123
23-07-2022,8,2,0,541,2,0,556,334203.5,196409.80508130763,11917.585775413081
24-07-2022,6,2,0,543,2,0,558,335397.3,191673.6186887777,13523.957073264664
25-07-2022,0,1,0,544,0,0,558,335649.79999999993,152872.21139097176,13024.952821872823
26-07-2022,2,2,0,546,0,0,558,336335.39999999997,140546.53506693256,8555.439561510482
27-07-2022,12,0,0,546,0,0,558,336464.39999999997,195589.37876767156,13365.393652800176
28-07-2022,16,1,0,547,1,0,559,337125.8,212088.43017756267,14749.874678267848
29-07-2022,0,1,0,548,0,0,559,337249.29999999993,187854.74378874621,18564.33674733418
30-07-2022,5,2,0,550,2,0,561,338533.4,158444.39236291574,15485.296159396914
31-07-2022,20,1,0,551,1,0,562,339336.69999999995,203587.2904145474,18324.256642294415
01-08-2022,5,2,0,553,1,0,563,340082.89999999997,144205.93634360022,8952.729364805738
02-08-2022,11,1,0,554,2,0,565,341050.0,181626.21550681198,9699.178768926513
03-08-2022,12,0,0,554,1,0,566,341342.8,153266.34002159207,10091.853867386539
04-08-2022,12,1,0,555,2,0,568,342232.49999999994,155831.36465755544,9870.316168951347
05-08-2022,14,1,0,556,1,0,569,342868.1,157955.28259681095,11893.446766597617
06-08-2022,20,2,0,558,1,0,570,343885.19999999995,177448.9300958939,15772.79578215697
07-08-2022,15,0,0,558,0,0,570,343820.69999999995,142804.2298504647,13268.818805002376
08-08-2022,20,2,0,560,1,0,571,344824.9,179080.68504670967,16518.97621166927
09-08-2022,10,2,0,562,0,0,571,345355.69999999995,191158.60507805314,12995.684182106035
10-08-2022,4,0,0,562,0,0,571,345278.29999999993,188172.62873386644,15874.5660849528
11-08-2022,3,2,0,564,2,0,573,346484.99999999994,178382.68470844423,11709.344436571319
12-08-2022,2,1,0,565,2,0,575,347361.8,226390.9628730053,12008.97137251609
13-08-2022,18,1,0,566,1,0,576,348178.0,154451.06713407589,13140.428553532585
14-08-2022,19,1,0,567,1,0,577,348800.69999999995,192436.49346559914,9716.383661073898
15-08-2022,17,0,0,567,1,0,578,349054.8,146118.67631624598,10295.394718366846
16-08-2022,14,2,0,569,2,0,580,350235.69999999995,147570.65770023398,9808.86865519819
17-08-2022,8,0,0,569,0,0,580,350158.3,200346.48710529626,16963.11205926328
18-08-2022,16,1,0,570,2,0,582,351151.2,200087.89473644047,17670.216911619664
19-08-2022,13,2,0,572,0,0,582,351772.3,233369.28048711224,15216.781344186056
20-08-2022,14,2,0,574,0,0,582,352444.99999999994,199963.93628540428,18113.003444468395
21-08-2022,0,2,0,576,1,0,583,353204.1,242982.27706505303,15719.942040006286
22-08-2022,20,2,0,578,2,0,585,354681.69999999995,147054.0314835188,10634.406103845347
23-08-2022,2,0,0,578,1,0,586,354729.39999999997,152321.6221652984,13153.113177215857
24-08-2022,15,1,0,579,1,0,587,355506.89999999997,146902.47535281462,12434.70861239879
25-08-2022,10,2,0,581,0,0,587,356102.19999999995,162234.1282038533,16120.949576269677
26-08-2022,11,0,0,581,1,0,588,356395.0,200429.78835671782,12277.938239324943
27-08-2022,9,2,0,583,0,0,588,357028.99999999994,211957.9971088559,17617.07877560111
28-08-2022,15,0,0,583,0,0,588,357106.39999999997,147726.18549454413,11889.608408457963
29-08-2022,7,2,0,585,2,0,590,358222.8,244949.62226369462,23455.13215125591
30-08-2022,5,0,0,585,1,0,591,358476.9,233959.8100526883,13527.11335056774
31-08-2022,11,2,0,587,0,0,591,359214.1,175649.85574804788,15385.154736687
01-09-2022,20,2,0,589,1,0,592,360269.89999999997,152450.46313878096,11954.163843809445
02-09-2022,7,1,0,590,1,0,593,360711.99999999994,162668.89178649776,10367.424221823541
03-09-2022,3,2,0,592,2,0,595,361880.0,158533.59333489486,11687.373253908936
04-09-2022,7,0,0,592,0,0,595,361931.6,158158.7286487144,10547.420544698392
05-09-2022,17,0,0,592,0,0,595,362060.6,201149.46684059864,15883.902447255527
06-09-2022,4,1,0,593,1,0,596,362502.69999999995,171737.18850758567,16220.582699521137
07-09-2022,8,2,0,595,0,0,596,363214.10000000003,184310.05844401653,14461.934669674969
08-09-2022,3,0,0,595,1,0,597,363429.5,253256.42856775926,20662.209603966898
09-09-2022,16,1,0,596,0,0,597,363927.1,220282.99003002365,16727.71584320447
10-09-2022,8,2,0,598,0,0,597,364483.7,249559.87542612772,13116.436642038772
11-09-2022,0,1,0,599,0,0,597,364710.39999999997,161481.71746262486,9954.205857642244
12-09-2022,20,0,0,599,0,0,597,364968.39999999997,187828.00981194488,14011.9857737604
13-09-2022,19,0,0,599,0,0,597,364955.49999999994,206717.92678984394,13542.456073130415
14-09-2022,12,1,0,600,1,0,598,365474.99999999994,154605.94580063593,9135.383937231587
15-09-2022,15,0,0,600,2,0,600,366073.5,146889.27364348178,11047.049030635271
16-09-2022,12,2,0,602,1,0,601,366974.49999999994,220599.49132838703,14590.558377940228
17-09-2022,13,2,0,604,1,0,602,367927.1,218013.67806204598,13714.233734310414
18-09-2022,2,2,0,606,2,0,604,369004.8,193076.8328028434,14133.083383446867
19-09-2022,5,1,0,607,2,0,606,369933.19999999995,202313.9599722719,11463.961301342133
20-09-2022,17,1,0,608,1,0,607,370697.8,194480.26190346587,18745.424752589704
21-09-2022,18,0,0,608,1,0,608,370990.6,151067.93379700967,14107.494844049985
22-09-2022,4,0,0,608,1,0,609,371089.8999999999,185771.86474422322,15861.393024432096
23-09-2022,14,0,0,608,1,0,610,371498.79999999993,168335.273614416,9310.74036715766
24-09-2022,1,1,0,609,0,0,610,371661.0,159638.52976368114,14174.921697215224
25-09-2022,9,0,0,609,0,0,610,371764.19999999995,255408.0020185581,23088.338445356763
26-09-2022,17,0,0,609,1,0,611,372147.3,215773.9510209553,19071.877801963565
27-09-2022,12,0,0,609,2,0,613,372642.5999999999,230515.55167927992,12839.323051059517
28-09-2022,4,0,0,609,2,0,615,373099.19999999995,184538.26809647813,15168.196365365242
29-09-2022,0,0,0,609,1,0,616,373327.5,193362.79049585309,17734.50805909197
30-09-2022,0,2,0,611,0,0,616,373987.3,176176.88943479562,13894.660788313811
01-10-2022,17,2,0,613,0,0,616,374866.39999999997,160851.31159951797,13241.339286627892
02-10-2022,14,0,0,613,2,0,618,375387.49999999994,170316.87164003076,12419.195276497941
03-10-2022,16,2,0,615,0,0,618,376073.1,240406.31379245693,18375.54458204357
04-10-2022,10,1,0,616,0,0,618,376325.6,227023.58949898023,11741.397363884345
05-10-2022,20,0,0,616,0,0,618,376454.6,212350.0073712687,17401.69048986319
06-10-2022,16,2,0,618,0,0,618,377062.8,204566.73531443626,11061.406287802029
07-10-2022,12,0,0,618,2,0,620,377570.99999999994,255513.73047429792,18333.296614246592
08-10-2022,0,2,0,620,1,0,621,378355.9,159598.26898847535,10315.275799342342
09-10-2022,1,0,0,620,1,0,622,378648.7,183334.2199454439,14166.491386697538
10-10-2022,8,2,0,622,0,0,622,379398.8,191589.32051579136,10857.523279219473
11-10-2022,2,0,0,622,1,0,623,379601.3,240943.47664085904,20379.52212540108
12-10-2022,0,0,0,622,2,0,625,380135.3,265241.07286689704,23805.539293168265
13-10-2022,20,0,0,622,0,0,625,380393.3,179622.15539635165,10448.211687640121
14-10-2022,15,0,0,622,0,0,625,380328.8,251888.79776706648,13908.204796575154
15-10-2022,5,1,0,623,2,0,627,381089.5,247398.2837384713,14169.928221871953
16-10-2022,16,0,0,623,1,0,628,381511.3,178317.32074867818,16736.21787706197
17-10-2022,4,1,0,624,0,0,628,381686.3999999999,198400.5044816857,15159.676023797798
18-10-2022,4,2,0,626,2,0,630,382906.0,200222.2599067964,14688.915624685958
19-10-2022,5,1,0,627,0,0,630,383248.8,265770.08920440037,14706.544944319847
20-10-2022,2,1,0,628,2,0,632,384099.8,174484.08294237638,14391.063355053846
21-10-2022,20,2,0,630,2,0,634,385551.6,246655.6303236607,23037.63083916122
22-10-2022,4,0,0,630,2,0,636,385905.0,193051.99180889217,17646.746173488184
23-10-2022,20,2,0,632,2,0,638,387331.0,239859.02256994782,19501.1946570698
24-10-2022,4,0,0,632,2,0,640,387684.39999999997,203923.27425812843,10963.71783198438
25-10-2022,9,0,0,632,2,0,642,388308.69999999995,222698.11832442746,12386.436239089255
26-10-2022,9,0,0,632,2,0,644,388868.49999999994,252680.34741270175,13256.987970309036
27-10-2022,18,1,0,633,2,0,646,389874.3,250006.7660196589,15718.915612610841
28-10-2022,16,0,0,633,0,0,646,389848.5,257271.53354045303,14608.668361957562
29-10-2022,20,1,0,634,2,0,648,390789.79999999993,163305.27279439225,10288.624447373153
30-10-2022,13,2,0,636,0,0,648,391359.3,237795.8460006742,16468.052605986974
31-10-2022,8,1,0,637,2,0,650,392184.49999999994,173344.06380378082,16840.226584583732
01-11-2022,13,2,0,639,1,0,651,393188.7,206324.02865850617,16612.963815468505
02-11-2022,0,1,0,640,2,0,653,393910.69999999995,222392.7339758248,20404.24184860016
03-11-2022,18,1,0,641,1,0,654,394752.7,205595.82970012608,17582.056793390384
04-11-2022,12,1,0,642,2,0,656,395564.99999999994,219888.05776170496,12231.30763126588
05-11-2022,12,1,0,643,2,0,658,396454.69999999995,277105.1416390591,24051.62350411931
06-11-2022,3,2,0,645,1,0,659,397278.3,175026.99135672287,11158.836046080794
07-11-2022,0,0,0,645,1,0,660,397519.49999999994,239559.88482423394,19633.224352027493
08-11-2022,16,2,0,647,1,0,661,398665.6,206827.8288594103,13867.412679580457
09-11-2022,7,0,0,647,1,0,662,398829.39999999997,175446.22548769915,17524.202917562685
10-11-2022,1,1,0,648,1,0,663,399361.8,178762.73986420152,11293.796221715473
11-11-2022,7,0,0,648,0,0,663,399439.19999999995,273528.74704207917,17493.947748711544
12-11-2022,6,1,0,649,0,0,663,399756.19999999995,265390.32555194193,25619.086921890346
13-11-2022,1,0,0,649,1,0,664,399971.6,268825.9472522998,13772.550133656412
14-11-2022,2,2,0,651,1,0,665,400924.19999999995,279628.52547671227,23722.13199357787
15-11-2022,17,1,0,652,0,0,665,401447.5999999999,185667.35400859502,16016.839288456491
16-11-2022,11,0,0,652,1,0,666,401650.1,203488.71361886276,18684.115721723967
17-11-2022,0,2,0,654,1,0,667,402447.89999999997,241776.8979699899,23868.690587808793
18-11-2022,11,1,0,655,1,0,668,403199.6,219800.5371652391,21711.918152765476
19-11-2022,4,1,0,656,2,0,670,403998.99999999994,212308.28592859398,11308.354121925317
20-11-2022,16,1,0,657,0,0,670,404483.69999999995,205212.12540986494,18693.175978869604
21-11-2022,15,0,0,657,1,0,671,404750.69999999995,234000.21792766635,19261.84416261546
22-11-2022,14,2,0,659,1,0,672,405677.49999999994,232322.590944141,19135.739641450393
23-11-2022,14,1,0,660,1,0,673,406287.29999999993,182194.40023974242,10278.951907006085
24-11-2022,4,0,0,660,1,0,674,406438.19999999995,220095.20712878602,18159.914310006032
25-11-2022,20,1,0,661,0,0,674,406974.5,230364.46981613463,22834.677429996445
26-11-2022,13,2,0,663,2,0,676,408103.8,233062.40003599427,22278.651212512246
27-11-2022,1,1,0,664,0,0,676,408278.9,189046.26008130284,13603.11345967455
28-11-2022,10,2,0,666,1,0,677,409334.69999999995,254885.1112998516,13253.362745854063
29-11-2022,18,2,0,668,1,0,678,410377.6,167253.3832164529,11392.409756814166
30-11-2022,6,2,0,670,2,0,680,411442.39999999997,208374.8210723396,19028.687719401016
01-12-2022,5,1,0,671,0,0,680,411759.39999999997,261081.72761003298,22211.516246872216
02-12-2022,1,1,0,672,0,0,680,412037.69999999995,234518.62267138483,17112.163205705925
03-12-2022,5,0,0,672,1,0,681,412369.19999999995,197256.2830093672,10406.27035114541
04-12-2022,17,2,0,674,2,0,683,413743.5999999999,251757.16162846662,17961.548330970905
05-12-2022,1,0,0,674,2,0,685,414097.0,236125.26634065923,17343.695257597807
06-12-2022,17,1,0,675,0,0,685,414633.29999999993,264898.0546178438,25543.53044430679
07-12-2022,14,2,0,677,0,0,685,415254.3999999999,257668.49280284293,21142.80914348526
08-12-2022,18,2,0,679,2,0,687,416525.6,242847.91048726873,15926.608504705657
09-12-2022,1,0,0,679,1,0,688,416586.19999999995,227644.90480476973,17361.546555393055
10-12-2022,19,1,0,680,1,0,689,417428.19999999995,183649.4724968704,9789.024746701427
11-12-2022,5,1,0,681,1,0,690,417857.39999999997,199902.94061632198,19716.10954363662
12-12-2022,0,1,0,682,2,0,692,418682.6,220113.93709386647,14968.406984873502
13-12-2022,14,0,0,682,1,0,693,419143.1,243014.88829509422,17957.188508459105
14-12-2022,9,1,0,683,2,0,695,419968.29999999993,232709.6243954253,15769.381229690676
15-12-2022,18,1,0,684,0,0,695,420414.3,204512.7887256322,17204.75829948262
16-12-2022,16,2,0,686,0,0,695,421048.3,169235.86205738483,14065.464612720803
17-12-2022,4,2,0,688,1,0,696,421833.19999999995,231532.3336819791,19857.628878678763
18-12-2022,3,2,0,690,1,0,697,422759.99999999994,205329.37287737214,13019.352702745055
19-12-2022,9,0,0,690,2,0,699,423397.19999999995,262668.2092852795,17279.214198022437
20-12-2022,16,1,0,691,0,0,699,423817.4,172571.613165994,9709.321008364666
21-12-2022,9,0,0,691,0,0,699,423727.1,243833.05774518495,20183.402928144133
22-12-2022,16,2,0,693,2,0,701,425037.0,290063.2156460596,15080.344918725736
23-12-2022,19,2,0,695,0,0,701,425735.49999999994,192569.8649615043,15383.273580156667
24-12-2022,4,0,0,695,2,0,703,426101.79999999993,230731.92909337356,21569.926916487977
25-12-2022,1,2,0,697,1,0,704,427002.8,182512.35394624854,17255.011315079155
26-12-2022,5,1,0,698,2,0,706,427944.1,251504.70484868903,18221.99071182263
27-12-2022,20,2,0,700,0,0,706,428797.39999999997,242338.92597718755,17682.304423805246
28-12-2022,1,1,0,701,1,0,707,429162.1,224112.59315163398,12068.117817416172
29-12-2022,12,1,0,702,0,0,707,429633.89999999997,239053.93293184415,19970.147516856516
30-12-2022,10,1,0,703,1,0,708,430217.89999999997,287803.90002792643,26208.278207295283
31-12-2022,10,2,0,705,1,0,709,431157.6,197853.17408343422,12312.94765962663
01-01-2023,15,1,0,706,0,0,709,431552.0,175542.12804663982,12474.909067824308
02-01-2023,10,1,0,707,2,0,711,432377.19999999995,284720.155055356,26177.731054284788
03-01-2023,18,0,0,707,2,0,713,433040.2,248190.54903420268,23294.17797362213
04-01-2023,14,0,0,707,2,0,715,433548.3999999999,289262.4244935859,17980.262758655914
05-01-2023,15,1,0,708,1,0,716,434171.1,251421.34928671288,19492.328055037222
06-01-2023,10,0,0,708,0,0,716,434106.6,279151.52286441013,16644.31395026848
07-01-2023,15,1,0,709,2,0,718,435060.79999999993,230104.53115999437,12677.364820874334
08-01-2023,7,0,0,709,0,0,718,434957.5999999999,271830.222814793,25975.01558596474
09-01-2023,3,2,0,711,1,0,719,435845.7,293721.8391796908,26736.140619174195
10-01-2023,7,0,0,711,2,0,721,436457.1,249494.9788768798,21955.993532397704
11-01-2023,3,1,0,712,1,0,722,437015.3,198507.88304256904,10409.419087697228
12-01-2023,2,0,0,712,1,0,723,437282.3,210175.0518004759,19375.289725695362
13-01-2023,2,0,0,712,0,0,723,437282.3,200972.04724046733,14450.33309783655
14-01-2023,17,1,0,713,1,0,724,438085.5999999999,207677.59271454794,13939.269383891646
15-01-2023,18,2,0,715,2,0,726,439318.1,216111.39590586306,16710.558255830678
16-01-2023,18,0,0,715,0,0,726,439318.1,248891.33613266476,13581.41833870911
17-01-2023,20,1,0,716,1,0,727,439953.69999999995,253588.20788549265,22273.24251692547
18-01-2023,4,1,0,717,0,0,727,440077.19999999995,232338.72437007178,18383.047358134158
19-01-2023,17,0,0,717,1,0,728,440524.8,257542.35478392523,15279.860385600075
20-01-2023,9,2,0,719,2,0,730,441641.19999999995,187464.5344110743,11137.569805097539
21-01-2023,20,1,0,720,1,0,731,442392.89999999997,188608.22783341404,11167.951974361615
22-01-2023,5,1,0,721,1,0,732,442809.19999999995,199949.97976322193,10567.380300034325
23-01-2023,0,1,0,722,0,0,732,443074.6,246093.93406396793,19537.378345327295
24-01-2023,4,1,0,723,1,0,733,443735.99999999994,205981.54282406243,18953.887847656628
25-01-2023,8,0,0,723,1,0,734,444067.49999999994,215366.219054382,10956.73716205252
26-01-2023,11,1,0,724,1,0,735,444716.0,231294.05697545275,12131.427006075019
27-01-2023,13,0,0,724,1,0,736,445021.7,286398.09280385304,22521.920383086475
28-01-2023,1,1,0,725,1,0,737,445476.69999999995,180043.25756842372,16379.396516429835
29-01-2023,16,0,0,725,0,0,737,445670.19999999995,265090.71660718584,17585.308162573092
30-01-2023,13,1,0,726,1,0,738,446241.3,268040.61982532573,18087.573999080312
31-01-2023,12,2,0,728,0,0,738,446888.19999999995,285828.23323095177,22814.044950196076
01-02-2023,8,0,0,728,2,0,740,447396.39999999997,304151.65210750105,19377.69776818907
02-02-2023,14,1,0,729,1,0,741,448083.6,181940.4719560362,9339.080531909452
03-02-2023,14,2,0,731,0,0,741,448743.39999999997,200200.18686297978,17369.65367869555
04-02-2023,10,2,0,733,1,0,742,449631.5,299387.75846100115,24334.984173893165
05-02-2023,15,0,0,733,0,0,742,449696.0,241736.58900237564,19106.32816283788
06-02-2023,16,1,0,734,0,0,742,450038.8,256241.82809105472,22314.616258502057
07-02-2023,3,1,0,735,1,0,743,450480.89999999997,269796.68743730604,22598.586533353075
08-02-2023,0,2,0,737,0,0,743,451102.0,272339.29102635727,16420.452286096905
09-02-2023,7,1,0,738,1,0,744,451802.0999999999,307009.52126197354,20761.22793689855
10-02-2023,16,0,0,738,1,0,745,452198.1,316124.82970489917,17799.56883835576
11-02-2023,2,2,0,740,1,0,746,452957.19999999995,279043.0321187164,15763.936344236137
12-02-2023,19,2,0,742,1,0,747,454116.19999999995,220776.02122509442,18503.19138375121
13-02-2023,14,1,0,743,2,0,749,454941.3999999999,302047.2968659455,28069.256913441037
14-02-2023,14,1,0,744,1,0,750,455551.19999999995,188947.27400524242,18542.648566091408
15-02-2023,13,2,0,746,1,0,751,456478.0,214236.1976675333,17442.544747334046
16-02-2023,13,0,0,746,0,0,751,456478.0,305482.2512609205,18086.09689906702
17-02-2023,1,1,0,747,1,0,752,456933.0,217891.90718019533,12045.613122215467
18-02-2023,12,0,0,747,0,0,752,457074.89999999997,213086.17830345142,19314.67426792334
19-02-2023,13,2,0,749,2,0,754,458307.39999999997,202314.11319200334,15970.235823045261
20-02-2023,18,0,0,749,0,0,754,458371.89999999997,301486.566599487,24394.559738240256
21-02-2023,6,1,0,750,0,0,754,458547.0,252208.86437318858,22465.02651643569
22-02-2023,2,0,0,750,2,0,756,459055.19999999995,276566.05029199965,23553.432771313546
23-02-2023,14,0,0,750,1,0,757,459489.8999999999,216750.53667359904,19880.990540593593
24-02-2023,13,1,0,751,2,0,759,460366.7,288839.6501262633,15253.822745576274
25-02-2023,10,0,0,751,1,0,760,460607.89999999997,289262.5274160043,25274.611804845958
26-02-2023,14,1,0,752,2,0,762,461549.19999999995,227903.49049540178,21090.79018933722
27-02-2023,12,2,0,754,1,0,763,462463.0999999999,241962.90907342927,15559.848816724612
28-02-2023,17,2,0,756,0,0,763,463187.39999999997,214412.72832245202,17586.638784301118
01-03-2023,5,0,0,756,1,0,764,463312.5,321060.87873548793,21096.301350817033
02-03-2023,2,1,0,757,0,0,764,463603.69999999995,275232.60303614434,26944.873664871073
03-03-2023,18,1,0,758,0,0,764,464139.99999999994,315783.7590385897,16316.919019138586
04-03-2023,14,2,0,760,0,0,764,464748.19999999995,228198.6455922983,18025.32936395428
05-03-2023,4,1,0,761,0,0,764,464949.1,295041.4828888246,17208.346815828136
06-03-2023,9,0,0,761,0,0,764,465013.6,292845.84552518855,25070.828685520843
07-03-2023,6,1,0,762,2,0,766,465864.6,283011.20507836365,16639.506307512707
08-03-2023,16,2,0,764,1,0,767,466933.3,322040.0179989836,19892.14239486951
09-03-2023,6,2,0,766,1,0,768,467744.0,242322.54413951375,18105.986841021833
10-03-2023,11,0,0,766,0,0,768,467808.5,205468.6025217617,19671.9230617843
11-03-2023,16,2,0,768,1,0,769,468812.69999999995,281996.77317483834,17084.97714776515
12-03-2023,12,0,0,768,1,0,770,469040.99999999994,290239.2594376887,16605.168817414182
13-03-2023,19,1,0,769,0,0,770,469461.19999999995,268775.06806659896,23638.455885456886
14-03-2023,3,2,0,771,0,0,770,469914.6,217121.8642573868,16290.865520069552
15-03-2023,9,0,0,771,2,0,772,470551.79999999993,259432.51541196302,24798.96103161727
16-03-2023,2,0,0,771,0,0,772,470461.49999999994,232246.57552527523,13314.865217390166
17-03-2023,8,2,0,773,0,0,772,471198.7,248905.9817096972,20484.064901813654
18-03-2023,12,1,0,774,0,0,772,471580.19999999995,279913.7715121625,17254.99258090246
19-03-2023,17,1,0,775,2,0,774,472534.39999999997,294655.64039257035,17042.29924425665
20-03-2023,14,1,0,776,0,0,774,472825.6,222070.77364307264,18692.023629874016
21-03-2023,3,0,0,776,2,0,776,473243.5,246842.6776933979,19669.468948852842
22-03-2023,14,0,0,776,0,0,776,473385.39999999997,227579.30738455022,19968.1208776745
23-03-2023,1,2,0,778,1,0,777,474157.4,217917.75487596434,14267.757237662396
24-03-2023,14,1,0,779,1,0,778,474934.8999999999,301591.3392970004,21834.785555620037
25-03-2023,7,1,0,780,1,0,779,475454.39999999997,319874.2182845771,22478.70768936534
26-03-2023,7,0,0,780,1,0,780,475734.29999999993,243133.3649082366,24119.917382657906
27-03-2023,16,1,0,781,1,0,781,476460.2,297970.43196887296,19252.598992548043
28-03-2023,11,1,0,782,1,0,782,477005.5,319163.70595027466,20662.933415952713
29-03-2023,18,1,0,783,1,0,783,477705.6,312341.72209976113,21154.096010633708
30-03-2023,9,1,0,784,1,0,784,478199.29999999993,217506.09032902573,17015.437078669587
31-03-2023,8,1,0,785,0,0,784,478516.3,328686.8958585436,20581.103771255155
01-04-2023,4,0,0,785,1,0,785,478744.5999999999,245597.383540848,23519.509903962822
02-04-2023,5,0,0,785,1,0,786,479037.39999999997,240367.64929089864,15211.493198416349
03-04-2023,19,1,0,786,1,0,787,479827.79999999993,200918.00592563316,19045.17581937599
04-04-2023,1,1,0,787,1,0,788,480205.4,262121.1242116691,14462.206211129294
05-04-2023,12,2,0,789,0,0,788,481007.0999999999,208133.73693598728,17239.32928596087
06-04-2023,5,1,0,790,1,0,789,481526.6,228514.20048073767,21788.663553713017
07-04-2023,4,1,0,791,1,0,790,482123.49999999994,238691.04583168536,13948.501288323418
08-04-2023,0,1,0,792,2,0,792,482961.6,310374.25659469835,30545.90084880544
09-04-2023,20,1,0,793,1,0,793,483829.39999999997,320607.9045283569,23290.294485346738
10-04-2023,20,0,0,793,0,0,793,483829.39999999997,237434.3890692777,23098.983903777906
11-04-2023,5,2,0,795,1,0,794,484575.6,318661.48719628865,26716.898443184822
12-04-2023,5,0,0,795,0,0,794,484575.6,318448.19874435867,20724.399711027025
13-04-2023,15,0,0,795,1,0,795,484984.5,305246.95765407983,18136.286525180407
14-04-2023,3,1,0,796,1,0,796,485439.49999999994,215539.2808399918,14050.305713462572
15-04-2023,10,1,0,797,1,0,797,486139.6,295133.82179895445,16129.32026442426
16-04-2023,8,0,0,797,0,0,797,486113.8,332262.2917374117,19003.209597112364
17-04-2023,2,1,0,798,1,0,798,486646.1999999999,294305.19910146523,16255.36554178417
18-04-2023,18,0,0,798,2,0,800,487412.39999999997,243455.20929122614,17321.15091256
19-04-2023,7,1,0,799,1,0,801,487880.3,268418.95626858476,24098.36368267508
20-04-2023,4,2,0,801,2,0,803,489061.19999999995,290364.19937139546,16570.84609478527
21-04-2023,3,2,0,803,0,0,803,489708.0999999999,270892.3794323976,15309.759583155623
22-04-2023,5,2,0,805,1,0,804,490673.6,213926.76252491755,17578.671730498438
23-04-2023,1,1,0,806,1,0,805,491231.79999999993,242481.4547109077,14514.733551137955
24-04-2023,19,2,0,808,0,0,805,492123.79999999993,315312.97509829083,17304.534330694725
25-04-2023,10,0,0,808,1,0,806,492287.6,324134.6667527154,18910.803752377236
26-04-2023,3,0,0,808,2,0,808,492757.0999999999,217399.50978524884,20910.913121105183
27-04-2023,14,1,0,809,0,0,808,493228.8999999999,338214.9610780585,30802.441443125095
28-04-2023,5,2,0,811,1,0,809,494052.49999999994,246357.690921395,16679.210947014515
29-04-2023,16,1,0,812,1,0,810,494804.19999999995,296236.3658924988,24525.716334119785
30-04-2023,5,0,0,812,2,0,812,495222.1,309784.9682840422,23811.24479055414
01-05-2023,18,1,0,813,1,0,813,495999.5999999999,319217.34228056885,26768.357503158026
02-05-2023,1,2,0,815,0,0,813,496440.1,339428.46302440326,28557.324152796788
03-05-2023,14,0,0,815,2,0,815,497167.6,245539.07820597233,19995.892435027148
04-05-2023,10,1,0,816,0,0,815,497445.8999999999,327096.51478206203,20706.86725046764
05-05-2023,7,1,0,817,1,0,816,498016.99999999994,218881.49497657685,11370.963933341394
06-05-2023,18,2,0,819,1,0,817,499098.6,305204.91879114276,22212.30707461881
07-05-2023,12,0,0,819,0,0,817,499021.19999999995,310687.26508660335,29375.07522923724
08-05-2023,11,0,0,819,0,0,817,499008.3,301060.1767387083,23625.65610202603
09-05-2023,4,0,0,819,0,0,817,498917.99999999994,237332.50905692347,21744.298175027176
10-05-2023,5,2,0,821,2,0,819,500150.49999999994,331056.0899503682,32966.96838153577
11-05-2023,3,0,0,821,1,0,820,500404.5999999999,225511.1055458431,13120.418831314008
12-05-2023,18,1,0,822,2,0,822,501487.8,208664.27808097206,17650.67798725465
13-05-2023,19,0,0,822,2,0,824,502060.49999999994,308887.4495757335,25858.413591062053
14-05-2023,0,1,0,823,2,0,826,502705.1,272789.26009209285,27005.529075008675
15-05-2023,19,2,0,825,2,0,828,504169.79999999993,330094.79367088847,32771.82322934572
16-05-2023,16,1,0,826,2,0,830,505020.79999999993,260095.3792684864,21934.86566102158
17-05-2023,11,2,0,828,0,0,830,505616.1,227771.74909043236,14163.015818225931
18-05-2023,14,2,0,830,0,0,830,506314.6,329576.7082310515,29638.105635041138
19-05-2023,0,1,0,831,2,0,832,507023.69999999995,286302.5377199358,15847.262522726183
20-05-2023,13,0,0,831,0,0,832,507191.39999999997,231664.103644972,20626.205408107286
21-05-2023,5,0,0,831,1,0,833,507368.1,312597.1981899623,29856.09782004788
22-05-2023,4,1,0,832,2,0,835,508244.8999999999,281229.2300248196,19444.658543166726
23-05-2023,10,0,0,832,2,0,837,508882.1,295810.05783791497,24117.91604607453
24-05-2023,3,2,0,834,2,0,839,510011.39999999997,274523.58201792365,19630.395280606026
25-05-2023,12,0,0,834,0,0,839,510127.49999999994,330875.17264278594,23786.03803944808
26-05-2023,10,2,0,836,0,0,839,510761.49999999994,331417.20910190436,21713.973147829707
27-05-2023,2,2,0,838,2,0,841,511877.89999999997,313687.29811968224,27637.883978786176
28-05-2023,0,2,0,840,2,0,843,513071.69999999995,221452.21916494332,21438.529841491392
29-05-2023,5,2,0,842,2,0,845,514355.79999999993,335183.124766827,32525.346869605557
30-05-2023,17,0,0,842,1,0,846,514790.49999999994,309545.532326508,18182.414909691524
31-05-2023,9,0,0,842,1,0,847,514967.19999999995,313670.2549298708,29402.56592579657
01-06-2023,4,0,0,842,1,0,848,515182.6,262173.7730423955,22775.44782007182
02-06-2023,9,1,0,843,2,0,850,516136.79999999993,342603.28092608927,21461.310197170333
03-06-2023,11,0,0,843,1,0,851,516442.5,318960.8167962871,17021.098594577772
04-06-2023,1,2,0,845,1,0,852,517253.2,224372.61373051562,14225.193048699904
05-06-2023,12,0,0,845,1,0,853,517674.99999999994,270398.94818836305,25852.954797142444
06-06-2023,7,0,0,845,2,0,855,518170.3,345056.91342129855,28176.979631251077
07-06-2023,1,0,0,845,1,0,856,518372.80000000005,214688.76592289057,18474.55506170015
08-06-2023,19,0,0,845,1,0,857,518884.89999999997,357213.3299623908,22453.578880486446
09-06-2023,0,0,0,845,0,0,857,518639.8,313128.1415802233,26919.440890509566
10-06-2023,4,1,0,846,2,0,859,519581.0999999999,306247.7474932563,15742.994772349395
11-06-2023,8,1,0,847,2,0,861,520522.39999999997,250458.60605880345,17223.053357261335
12-06-2023,16,0,0,847,0,0,861,520625.6,247108.4522862222,20099.225110486244
13-06-2023,8,2,0,849,0,0,861,521182.2,355768.0726083447,20387.228307283945
14-06-2023,10,1,0,850,2,0,863,522097.69999999995,255557.2886986972,23294.09253868461
15-06-2023,14,0,0,850,2,0,865,522709.1,330692.74270796636,20420.794376714766
16-06-2023,5,0,0,850,2,0,867,523152.8,270959.9508419205,22385.100455315995
17-06-2023,2,1,0,851,0,0,867,523443.99999999994,231245.11234834857,16247.248555320526
18-06-2023,16,2,0,853,1,0,868,524564.2999999999,211511.97879045724,16879.11695576566
19-06-2023,4,2,0,855,1,0,869,525349.2,295917.2269785277,16385.684827489225
20-06-2023,11,2,0,857,2,0,871,526659.1,364834.4783128132,18550.24254245109
21-06-2023,17,0,0,857,0,0,871,526736.5,269025.85202511464,25686.10985364179
22-06-2023,13,0,0,857,2,0,873,527244.7,267396.20949353883,16974.71259017966
23-06-2023,20,2,0,859,1,0,874,528274.7,265842.3488575786,24187.360429063792
24-06-2023,10,1,0,860,2,0,876,529035.4,294229.99515583325,29413.44146113746
25-06-2023,8,0,0,860,1,0,877,529289.5,281687.5887445608,17062.257499775158
26-06-2023,1,0,0,860,2,0,879,529759.0,351746.407822083,22250.96317464238
27-06-2023,11,2,0,862,2,0,881,531107.6,292988.8203327088,24359.96637788897
28-06-2023,2,0,0,862,2,0,883,531551.3,293590.32169229706,28851.834845104124
29-06-2023,2,0,0,862,2,0,885,532111.1,234933.15844265287,22504.415790510193
30-06-2023,0,0,0,862,0,0,885,532085.2999999999,369704.4990341494,27780.992062826692
01-07-2023,7,0,0,862,1,0,886,532455.5,252912.03217820244,22700.249476891055
02-07-2023,7,2,0,864,0,0,886,533115.3,224979.57204988392,12775.980799392304
03-07-2023,10,0,0,864,0,0,886,533154.0,319329.32256783854,31572.6997890822
04-07-2023,8,2,0,866,1,0,887,534067.8999999999,309016.980112091,30350.925212761005
05-07-2023,4,2,0,868,0,0,887,534676.1,280460.9777626372,16319.028068874357
06-07-2023,13,0,0,868,2,0,889,535351.9999999999,281947.2370377465,18318.43798905954
07-07-2023,2,1,0,869,0,0,889,535540.0,340345.9396831617,18721.664321178352
08-07-2023,20,1,0,870,0,0,889,536102.1,245917.4272061898,15636.876002693682
09-07-2023,4,0,0,870,1,0,890,536175.6,346410.18463118025,31453.279014669122
10-07-2023,4,2,0,872,0,0,890,536835.3999999999,319215.28491600323,21998.97046227162
11-07-2023,18,2,0,874,2,0,892,538235.5999999999,282945.5742716259,15397.855245241775
12-07-2023,13,2,0,876,0,0,892,538830.8999999999,289572.3515098922,19433.570073341325
13-07-2023,3,1,0,877,0,0,892,539031.7999999999,257115.02181634822,25472.170960499774
14-07-2023,12,2,0,879,1,0,893,540087.6,337897.3274615732,27533.286572302644
15-07-2023,9,1,0,880,1,0,894,540658.7,299450.53743128025,21203.50782452572
16-07-2023,17,2,0,882,0,0,894,541421.7,268683.9635965029,15671.509574720954
17-07-2023,7,0,0,882,1,0,895,541572.6,313470.36327688757,31130.378108832247
18-07-2023,7,0,0,882,2,0,897,542132.4,378798.93247598055,34486.783045441
19-07-2023,6,2,0,884,2,0,899,543339.1,288284.1445877621,18471.47939728481
20-07-2023,7,0,0,884,2,0,901,543911.8,367797.1951126061,19678.413243202915
21-07-2023,13,1,0,885,0,0,901,544319.0999999999,274067.4167377751,14479.331848478954
22-07-2023,18,2,0,887,0,0,901,545043.3999999999,226966.87020207933,12714.436101803416
23-07-2023,5,1,0,888,0,0,901,545205.5999999999,251488.4220443589,19877.249835524355
24-07-2023,0,0,0,888,1,0,902,545421.0,286677.9371306787,27646.695940215042
25-07-2023,14,2,0,890,1,0,903,546541.2999999999,254628.38781984485,19055.668302655595
26-07-2023,0,2,0,892,0,0,903,547020.5,218845.45836790078,20166.012442758925
27-07-2023,16,0,0,892,0,0,903,547226.9,369104.7964990437,26684.18432920223
28-07-2023,0,2,0,894,0,0,903,547680.2999999999,357724.9587320335,30560.14892000134
29-07-2023,14,0,0,894,1,0,904,548140.7999999999,341320.5172803121,29556.184927714927
30-07-2023,1,1,0,895,2,0,906,548862.7999999999,247177.2766541441,14508.857585799691
31-07-2023,13,0,0,895,0,0,906,549017.5999999999,239431.55652146705,16295.903988129785
01-08-2023,20,2,0,897,0,0,906,549767.7,231057.15228795246,18915.51868622996
02-08-2023,7,1,0,898,2,0,908,550489.7,339767.06327565457,18189.372111100314
03-08-2023,7,1,0,899,2,0,910,551379.4,374189.43282379286,25473.69753129106
04-08-2023,18,2,0,901,0,0,910,552181.0999999999,292192.56295434904,22422.849483683432
05-08-2023,6,0,0,901,0,0,910,552026.2999999999,240541.15530244762,24008.70729000001
06-08-2023,18,0,0,901,0,0,910,552181.0999999999,305752.52941518713,22542.118323969928
07-08-2023,5,0,0,901,1,0,911,552293.2999999999,278714.57759468636,25308.074597354735
08-08-2023,5,0,0,901,0,0,911,552293.2999999999,283021.30831745313,20265.277830908864
09-08-2023,2,1,0,902,2,0,913,553144.3,324363.36795015156,29134.167247166766
10-08-2023,6,1,0,903,0,0,913,553525.7999999999,340759.02558538533,27182.599660228454
11-08-2023,18,2,0,905,2,0,915,554900.2,240372.267740631,22674.261229153424
12-08-2023,7,0,0,905,2,0,917,555318.1000000001,228056.40980500422,16088.724646503766
13-08-2023,9,1,0,906,2,0,919,556233.6,388417.4171555894,31156.98895391776
14-08-2023,19,1,0,907,1,0,920,556972.3999999999,261675.94011305965,21326.83353263904
15-08-2023,14,2,0,909,1,0,921,557847.6,232147.80873807723,16452.11720408548
16-08-2023,14,2,0,911,2,0,923,559067.2,255472.80057602032,14617.030126685511
17-08-2023,0,0,0,911,1,0,924,559166.5,230201.7767770626,12586.96592412452
18-08-2023,19,0,0,911,0,0,924,559411.6,289519.707836567,14717.322514767768
19-08-2023,6,2,0,913,0,0,924,559903.7,358741.79840026965,33605.75256599271
20-08-2023,3,0,0,913,1,0,925,560144.8999999999,281401.86145552795,17397.31709735146
21-08-2023,5,1,0,914,2,0,927,561060.3999999999,299188.2759809617,18123.43078284557
22-08-2023,0,2,0,916,0,0,927,561655.7,338496.4286656283,29382.089154066358
23-08-2023,4,0,0,916,0,0,927,561707.2999999999,310437.7742254889,20489.14320443156
24-08-2023,0,0,0,916,1,0,928,561935.6,369997.3395325412,27861.6264704742
25-08-2023,3,2,0,918,0,0,928,562634.0999999999,371232.0007791784,21578.06543491544
26-08-2023,1,1,0,919,1,0,929,563218.1,226961.80492526182,22239.371306878398
27-08-2023,9,2,0,921,1,0,930,564260.9999999999,357410.7560827548,33088.755406446326
28-08-2023,4,2,0,923,0,0,930,564856.2999999999,304017.00301545725,28331.186771256467
29-08-2023,9,0,0,923,0,0,930,564920.7999999999,393553.29689970944,27682.02233712378
30-08-2023,0,0,0,923,1,0,931,565084.5999999999,307953.9412909719,27136.304086973232
31-08-2023,5,1,0,924,1,0,932,565758.8999999999,393807.10934320284,22523.328110033282
01-09-2023,12,2,0,926,1,0,933,566788.9,355020.0214634506,17903.9969974289
02-09-2023,14,0,0,926,1,0,934,567094.6,269132.58627934876,13725.397663982829
03-09-2023,3,2,0,928,2,0,936,568172.2999999998,319039.25410697685,25309.411743319226
04-09-2023,12,1,0,929,0,0,936,568618.3,396691.2642069174,28867.12224415562
05-09-2023,19,1,0,930,0,0,936,569038.4999999999,374005.77922177286,28387.325671957118
06-09-2023,14,1,0,931,2,0,938,569863.6999999998,244591.23750601162,12320.832812817023
07-09-2023,7,2,0,933,0,0,938,570433.2,349054.6915592147,24829.77196049723
08-09-2023,4,2,0,935,2,0,940,571614.1,287907.0891867752,24732.200165790757
09-09-2023,14,0,0,935,1,0,941,572022.9999999999,230007.40431627468,16591.511680648357
10-09-2023,3,1,0,936,1,0,942,572490.8999999999,298293.1149273417,25835.453139392015
11-09-2023,11,1,0,937,2,0,944,573483.7999999999,269781.8773512917,16632.30855123618
12-09-2023,12,1,0,938,1,0,945,574106.5,370678.05125681835,33604.597243658376
13-09-2023,1,2,0,940,2,0,947,575184.2000000001,288281.8509153394,22895.79490248349
14-09-2023,18,2,0,942,0,0,947,576063.2999999999,373437.12899016775,22607.194786917058
15-09-2023,18,1,0,943,0,0,947,576393.2,230660.67436351755,14263.138947980773
16-09-2023,3,2,0,945,0,0,947,576859.5,284014.32029234763,23119.1982904976
17-09-2023,3,1,0,946,1,0,948,577469.2999999998,272767.3722471959,24957.390710583044
18-09-2023,10,0,0,946,2,0,950,578119.3999999999,271756.7067921706,19235.317204387396
19-09-2023,4,1,0,947,0,0,950,578371.9,243179.9274484985,15299.67035318312
20-09-2023,19,1,0,948,2,0,952,579455.1,264311.0738469433,24673.592135362403
21-09-2023,10,1,0,949,1,0,953,579948.7999999999,328636.61191870435,27429.133789215884
22-09-2023,9,1,0,950,2,0,955,580825.6,283099.230984288,20497.59439246735
23-09-2023,7,2,0,952,2,0,957,582019.4,305687.31823230244,22741.611024612444
24-09-2023,5,2,0,954,2,0,959,583213.2,299223.4017783902,18017.085847477872
25-09-2023,5,2,0,956,1,0,960,584152.8999999999,387159.8806188912,31491.635602320166
26-09-2023,7,1,0,957,1,0,961,584788.5,392737.93310485827,26681.486260616013
27-09-2023,14,0,0,957,1,0,962,585158.7,320600.8982070239,31990.281807215568
28-09-2023,13,2,0,959,1,0,963,586085.4999999999,292484.08456560876,21646.506022523907
29-09-2023,10,2,0,961,1,0,964,586986.5,253601.77143196505,18841.161093747258
30-09-2023,11,1,0,962,0,0,964,587329.2999999999,402920.153729641,31545.662145067054
01-10-2023,12,2,0,964,0,0,964,588002.0,245824.86921657945,23559.314689337974
02-10-2023,7,1,0,965,1,0,965,588547.3,287973.3001621186,25929.3765604144
03-10-2023,17,2,0,967,1,0,966,589616.0,288569.78038071597,20937.614277270808
04-10-2023,0,1,0,968,1,0,967,590006.5,292714.252429326,25154.38853950292
05-10-2023,14,2,0,970,0,0,967,590846.9,265459.27161748667,21054.046006007084
06-10-2023,7,1,0,971,2,0,969,591646.3,375664.8888726133,28031.495075375235
07-10-2023,10,1,0,972,1,0,970,592294.8,258684.37399607198,15421.672964418127
08-10-2023,11,0,0,972,0,0,970,592307.7000000001,349741.1108993082,25599.934753324793
09-10-2023,11,1,0,973,2,0,972,593197.4,259318.50231266647,16153.19050699882
10-10-2023,3,2,0,975,2,0,974,594313.7999999999,250301.61084398784,23964.4037309917
11-10-2023,15,0,0,975,1,0,975,594748.5,400163.94995187584,26719.08326406731
12-10-2023,3,0,0,975,0,0,975,594593.7,271752.2899925624,26526.610830975853
13-10-2023,4,0,0,975,1,0,976,594886.4999999999,384519.78902114433,29474.504835248383
14-10-2023,4,2,0,977,1,0,977,595826.2,335682.08270033635,27384.010752601986
15-10-2023,7,1,0,978,0,0,977,596194.8,252403.21564105398,19472.156486587177
16-10-2023,9,0,0,978,1,0,978,596500.4999999999,409577.7971750708,23128.461263472185
17-10-2023,16,0,0,978,1,0,979,596870.7,282969.44538458035,19465.768364550717
18-10-2023,8,2,0,980,0,0,979,597427.2999999999,393043.59928947245,21600.617205731396
19-10-2023,18,1,0,981,0,0,979,597886.2,269433.2318641533,21863.88766456632
20-10-2023,13,1,0,982,1,0,980,598431.5,392680.49596234167,28407.963828321117
21-10-2023,7,0,0,982,2,0,982,598913.9,241942.435978844,21508.50075778241
22-10-2023,8,2,0,984,2,0,984,600146.3999999999,332201.519580159,20272.107419535914
23-10-2023,10,0,0,984,1,0,985,600452.1,378784.8637929271,22055.999791001082
24-10-2023,0,0,0,984,2,0,987,600882.8999999999,408863.9524374192,28749.927719598985
25-10-2023,13,2,0,986,1,0,988,601990.2999999998,404995.3800206751,39012.90897094031
26-10-2023,4,0,0,986,1,0,989,602154.1,388923.78269802383,33261.18611519234
27-10-2023,20,1,0,987,0,0,989,602690.3999999999,401667.4799411732,28496.773829978327
28-10-2023,13,1,0,988,2,0,991,603489.7999999998,277464.034508564,21049.42288337969
29-10-2023,3,1,0,989,0,0,991,603690.7,292944.10492216615,15880.69050521208
30-10-2023,0,2,0,991,2,0,993,604871.5999999999,294385.2962055921,29211.498154858025
31-10-2023,18,2,0,993,0,0,993,605763.5999999999,310827.10399132216,25898.227829415322
01-11-2023,7,0,0,993,1,0,994,605901.6,313854.7270498375,20171.507152816906
02-11-2023,14,1,0,994,2,0,996,606881.6,341896.8220144846,27109.142515304255
03-11-2023,20,2,0,996,2,0,998,608178.5999999999,272442.07519576,15113.483910246929
04-11-2023,14,0,0,996,2,0,1000,608660.9999999999,369684.86568799306,36337.00324363317
05-11-2023,8,1,0,997,1,0,1001,609193.3999999999,274301.48894154374,16112.263568129036
06-11-2023,20,2,0,999,0,0,1001,610008.0,300790.39696548926,24785.584678949468
07-11-2023,8,2,0,1001,2,0,1003,611072.7999999998,336703.27549776033,20967.429851008026
08-11-2023,9,2,0,1003,0,0,1003,611745.4999999999,390863.878858838,33566.63521000778
09-11-2023,19,2,0,1005,0,0,1003,612534.2999999999,380898.8007460261,33839.456396086876
10-11-2023,20,2,0,1007,1,0,1004,613486.8999999999,364202.8213473358,30473.209328391884
11-11-2023,8,1,0,1008,2,0,1006,614221.7999999998,274392.5197516263,22150.328751853147
12-11-2023,2,0,0,1008,2,0,1008,614704.2,346763.00146210415,32811.91315965341
13-11-2023,19,0,0,1008,1,0,1009,615203.3999999999,262220.57556761865,14141.905848917091
14-11-2023,10,0,0,1008,0,0,1009,615087.2999999999,315668.3092605824,21006.380694188912
15-11-2023,5,0,0,1008,2,0,1011,615582.5999999999,322599.11425766145,20134.821763391978
16-11-2023,1,0,0,1008,1,0,1012,615810.9,253679.25550661556,25215.895091675662
17-11-2023,6,0,0,1008,0,0,1012,615875.4,296972.9191068926,20630.556932247688
18-11-2023,17,2,0,1010,2,0,1014,617236.9,423853.3943986658,36718.68868756389
19-11-2023,1,0,0,1010,1,0,1015,617310.4,423530.3579777166,35676.61258762945
20-11-2023,16,0,0,1010,2,0,1017,618063.7000000001,312553.6488284276,18942.020672501516
21-11-2023,10,0,0,1010,2,0,1019,618546.1,255416.2612898683,15823.007761322715
22-11-2023,11,1,0,1011,1,0,1020,619168.7999999999,280934.51960097085,17997.853166695564
23-11-2023,18,2,0,1013,2,0,1022,620478.7,321200.3159759534,22662.726382959987
24-11-2023,6,1,0,1014,2,0,1024,621213.6,425117.5314547133,26236.661246101445
25-11-2023,19,0,0,1014,1,0,1025,621661.2,274997.87378322077,14020.099487764579
26-11-2023,5,1,0,1015,2,0,1027,622370.3,391504.9954035615,36789.58850333933
27-11-2023,20,1,0,1016,0,0,1027,622893.7,269466.7807229493,26483.327670979306
28-11-2023,0,1,0,1017,0,0,1027,622965.6,432573.1546362309,29016.366724239735
29-11-2023,16,0,0,1017,0,0,1027,623172.0,320612.61509485135,21457.109546752486
30-11-2023,10,0,0,1017,0,0,1027,623094.6,394151.1764764475,19847.321141240827
01-12-2023,17,0,0,1017,0,0,1027,623184.9,313323.2369047641,26323.079223956538
02-12-2023,20,1,0,1018,2,0,1029,624113.2999999999,367166.26826926356,33511.99772359288
03-12-2023,16,1,0,1019,2,0,1031,624951.4,285980.77629424137,16395.39659211872
04-12-2023,6,0,0,1019,0,0,1031,624822.4,277300.12111827236,16078.780956814784
05-12-2023,16,0,0,1019,0,0,1031,624951.4,425853.9091938697,38115.69748914019
06-12-2023,19,0,0,1019,0,0,1031,624990.1,422052.1791946658,34107.9516277522
07-12-2023,8,2,0,1021,2,0,1033,626067.7999999998,417111.8380902231,21791.185387003625
08-12-2023,16,0,0,1021,0,0,1033,626170.9999999999,367956.8866772797,29851.366954904555
09-12-2023,19,1,0,1022,2,0,1035,627099.4,402899.1130878404,26368.089481935454
10-12-2023,7,1,0,1023,1,0,1036,627554.3999999999,264019.0900563767,18068.478504234274
11-12-2023,16,0,0,1023,2,0,1038,628230.2999999999,314389.5060671082,27819.249323489952
12-12-2023,6,0,0,1023,0,0,1038,628101.2999999999,310351.72214220953,28101.34278669394
13-12-2023,0,2,0,1025,2,0,1040,629243.5,371690.1061432268,26024.935163423386
14-12-2023,12,0,0,1025,0,0,1040,629398.3,318971.0852482619,31054.274257114328
15-12-2023,18,2,0,1027,0,0,1040,630135.5,280128.0185313295,19699.48071590511
16-12-2023,18,2,0,1029,1,0,1041,631075.2,365354.75367300515,32367.435910022545
17-12-2023,16,2,1,1030,0,1,1040,631099.4,406626.9211111715,30169.2221698316
18-12-2023,12,3,0,1033,0,0,1040,632037.5,325269.9134389236,30860.508779769883
19-12-2023,15,2,1,1034,2,0,1042,632965.8999999999,278302.8358882462,26546.768215276606
20-12-2023,7,1,0,1035,0,0,1042,633192.6000000001,290639.4933137459,15802.313503025138
21-12-2023,18,0,0,1035,3,0,1045,634174.2,298851.415520745,28936.1886604272
22-12-2023,17,5,1,1039,2,1,1046,635760.8,311503.26009208424,28433.002727264793
23-12-2023,0,4,1,1042,2,1,1047,636811.1,377526.1507771101,33813.33194101283
24-12-2023,13,4,0,1046,1,0,1048,638578.2999999998,370556.5437726318,22250.27777056141
25-12-2023,18,0,1,1045,1,0,1049,638592.7999999999,388790.5963465123,35090.66868241353
26-12-2023,14,5,0,1050,0,0,1049,640190.7,325697.3997685856,30129.171045682946
27-12-2023,17,0,0,1050,2,0,1051,640789.2,414718.3188450149,26731.71297216571
28-12-2023,1,1,0,1051,1,0,1052,641192.6,295734.88942531426,28867.57092019686
29-12-2023,16,2,0,1053,3,1,1054,642605.7,347464.757366228,18239.47005185291
30-12-2023,17,4,0,1057,1,0,1055,644218.1000000001,412481.00642235484,23715.786303687935
31-12-2023,5,1,1,1057,5,1,1059,645182.8999999999,292943.7436412629,22521.238736650204
